run-id,use_vernalisation_fix,sowing-date,harvest-date,crop-id,sim.json,crop.json,site.json,incl_hist,climate_path_to_latlon_file,climate_path_to_csvs,gcm,rcm,scenario,ensmem,version,start_date,end_date,groundwater-level,impenetrable-layer,elevation,slope,latitude,landcover,fertilization,NitrogenResponseOn,irrigation,WaterDeficitResponseOn,EmergenceMoistureControlOn,EmergenceFloodingControlOn,LeafExtensionModifier,CO2,O3,FieldConditionModifier,StageTemperatureSum,comment,region_name,crop_data
1,True,fixed,auto,SM_sfix_hauto,sim.json,crop.json,site.json,False,dwd/csvs,dwd/csvs/germany_ubn_1951-01-01_to_2024-08-30,,,,,,2021-01-01,2021-12-31,False,False,True,True,True,False,False,True,False,True,False,False,False,,,0.98,100_220_390_120_330_140_25,historic_runs,,LS_CType2_2021_100_25832_etrs89-utm32n.asc
2,True,fixed,auto,SM_sfix_hauto,sim.json,crop.json,site.json,False,dwd/csvs,dwd/csvs/germany_ubn_1951-01-01_to_2024-08-30,,,,,,2021-01-01,2021-12-31,False,False,True,True,True,False,False,True,False,False,False,False,False,,,0.98,100_220_390_120_330_140_25,historic_runs,,LS_CType2_2021_100_25832_etrs89-utm32n.asc
3,True,fixed,auto,SM_sfix_hauto,sim.json,crop.json,site.json,False,dwd/csvs,dwd/csvs/germany_ubn_1951-01-01_to_2024-08-30,,,,,,2022-01-01,2022-12-31,False,False,True,True,True,False,False,True,False,True,False,False,False,,,0.98,100_220_390_120_330_140_25,historic_runs,,LS_CType2_2022_100_25832_etrs89-utm32n.asc
4,True,fixed,auto,SM_sfix_hauto,sim.json,crop.json,site.json,False,dwd/csvs,dwd/csvs/germany_ubn_1951-01-01_to_2024-08-30,,,,,,2022-01-01,2022-12-31,False,False,True,True,True,False,False,True,False,False,False,False,False,,,0.98,100_220_390_120_330_140_25,historic_runs,,LS_CType2_2022_100_25832_etrs89-utm32n.asc
5,True,fixed,auto,SM_sfix_hauto,sim.json,crop.json,site.json,False,dwd/csvs,dwd/csvs/germany_ubn_1951-01-01_to_2024-08-30,,,,,,2023-01-01,2023-12-31,False,False,True,True,True,False,False,True,False,True,False,False,False,,,0.98,100_220_390_120_330_140_25,historic_runs,,LS_CType2_2023_100_25832_etrs89-utm32n.asc
6,True,fixed,auto,SM_sfix_hauto,sim.json,crop.json,site.json,False,dwd/csvs,dwd/csvs/germany_ubn_1951-01-01_to_2024-08-30,,,,,,2023-01-01,2023-12-31,False,False,True,True,True,False,False,True,False,False,False,False,False,,,0.98,100_220_390_120_330_140_25,historic_runs,,LS_CType2_2023_100_25832_etrs89-utm32n.asc
7,True,fixed,auto,SM_sfix_hauto,sim.json,crop.json,site.json,False,dwd/csvs,dwd/csvs/germany_ubn_1951-01-01_to_2024-08-30,,,,,,2024-01-01,2024-08-30,False,False,True,True,True,False,False,True,False,True,False,False,False,,,0.98,100_220_390_120_330_140_25,historic_runs,,LS_CType2_2024_100_25832_etrs89-utm32n.asc
8,True,fixed,auto,SM_sfix_hauto,sim.json,crop.json,site.json,False,dwd/csvs,dwd/csvs/germany_ubn_1951-01-01_to_2024-08-30,,,,,,2024-01-01,2024-08-30,False,False,True,True,True,False,False,True,False,False,False,False,False,,,0.98,100_220_390_120_330_140_25,historic_runs,,LS_CType2_2024_100_25832_etrs89-utm32n.asc
9,True,fixed,auto,WW_sfix_hauto,sim.json,crop.json,site.json,False,dwd/csvs,dwd/csvs/germany_ubn_1951-01-01_to_2024-08-30,,,,,,2020-01-01,2021-12-31,False,False,True,True,True,False,False,True,False,True,False,False,False,,,1.0,148_284_335_180_274_25,historic_runs,,LS_CType3_2021_100_25832_etrs89-utm32n.asc
10,True,fixed,auto,WW_sfix_hauto,sim.json,crop.json,site.json,False,dwd/csvs,dwd/csvs/germany_ubn_1951-01-01_to_2024-08-30,,,,,,2020-01-01,2021-12-31,False,False,True,True,True,False,False,True,False,False,False,False,False,,,1.0,148_284_335_180_274_25,historic_runs,,LS_CType3_2021_100_25832_etrs89-utm32n.asc
11,True,fixed,auto,WW_sfix_hauto,sim.json,crop.json,site.json,False,dwd/csvs,dwd/csvs/germany_ubn_1951-01-01_to_2024-08-30,,,,,,2021-01-01,2022-12-31,False,False,True,True,True,False,False,True,False,True,False,False,False,,,1.0,148_284_335_180_274_25,historic_runs,,LS_CType3_2022_100_25832_etrs89-utm32n.asc
12,True,fixed,auto,WW_sfix_hauto,sim.json,crop.json,site.json,False,dwd/csvs,dwd/csvs/germany_ubn_1951-01-01_to_2024-08-30,,,,,,2021-01-01,2022-12-31,False,False,True,True,True,False,False,True,False,False,False,False,False,,,1.0,148_284_335_180_274_25,historic_runs,,LS_CType3_2022_100_25832_etrs89-utm32n.asc
13,True,fixed,auto,WW_sfix_hauto,sim.json,crop.json,site.json,False,dwd/csvs,dwd/csvs/germany_ubn_1951-01-01_to_2024-08-30,,,,,,2022-01-01,2023-12-31,False,False,True,True,True,False,False,True,False,True,False,False,False,,,1.0,148_284_335_180_274_25,historic_runs,,LS_CType3_2023_100_25832_etrs89-utm32n.asc
14,True,fixed,auto,WW_sfix_hauto,sim.json,crop.json,site.json,False,dwd/csvs,dwd/csvs/germany_ubn_1951-01-01_to_2024-08-30,,,,,,2022-01-01,2023-12-31,False,False,True,True,True,False,False,True,False,False,False,False,False,,,1.0,148_284_335_180_274_25,historic_runs,,LS_CType3_2023_100_25832_etrs89-utm32n.asc
15,True,fixed,auto,WW_sfix_hauto,sim.json,crop.json,site.json,False,dwd/csvs,dwd/csvs/germany_ubn_1951-01-01_to_2024-08-30,,,,,,2023-01-01,2024-08-30,False,False,True,True,True,False,False,True,False,True,False,False,False,,,1.0,148_284_335_180_274_25,historic_runs,,LS_CType3_2024_100_25832_etrs89-utm32n.asc
16,True,fixed,auto,WW_sfix_hauto,sim.json,crop.json,site.json,False,dwd/csvs,dwd/csvs/germany_ubn_1951-01-01_to_2024-08-30,,,,,,2023-01-01,2024-08-30,False,False,True,True,True,False,False,True,False,False,False,False,False,,,1.0,148_284_335_180_274_25,historic_runs,,LS_CType3_2024_100_25832_etrs89-utm32n.asc
17,True,fixed,auto,SM_sfix_hauto,sim.json,crop.json,site.json,False,dwd/csvs,dwd/csvs/germany_ubn_1951-01-01_to_2024-08-30,,,,,,2019-01-01,2019-12-31,False,False,True,True,True,False,False,True,False,True,False,False,False,,,0.98,100_220_390_120_330_140_25,historic_runs,,NW_CType2_2019_100_25832_etrs89-utm32n.asc
18,True,fixed,auto,SM_sfix_hauto,sim.json,crop.json,site.json,False,dwd/csvs,dwd/csvs/germany_ubn_1951-01-01_to_2024-08-30,,,,,,2019-01-01,2019-12-31,False,False,True,True,True,False,False,True,False,False,False,False,False,,,0.98,100_220_390_120_330_140_25,historic_runs,,NW_CType2_2019_100_25832_etrs89-utm32n.asc
19,True,fixed,auto,SM_sfix_hauto,sim.json,crop.json,site.json,False,dwd/csvs,dwd/csvs/germany_ubn_1951-01-01_to_2024-08-30,,,,,,2020-01-01,2020-12-31,False,False,True,True,True,False,False,True,False,True,False,False,False,,,0.98,100_220_390_120_330_140_25,historic_runs,,NW_CType2_2020_100_25832_etrs89-utm32n.asc
20,True,fixed,auto,SM_sfix_hauto,sim.json,crop.json,site.json,False,dwd/csvs,dwd/csvs/germany_ubn_1951-01-01_to_2024-08-30,,,,,,2020-01-01,2020-12-31,False,False,True,True,True,False,False,True,False,False,False,False,False,,,0.98,100_220_390_120_330_140_25,historic_runs,,NW_CType2_2020_100_25832_etrs89-utm32n.asc
21,True,fixed,auto,SM_sfix_hauto,sim.json,crop.json,site.json,False,dwd/csvs,dwd/csvs/germany_ubn_1951-01-01_to_2024-08-30,,,,,,2021-01-01,2021-12-31,False,False,True,True,True,False,False,True,False,True,False,False,False,,,0.98,100_220_390_120_330_140_25,historic_runs,,NW_CType2_2021_100_25832_etrs89-utm32n.asc
22,True,fixed,auto,SM_sfix_hauto,sim.json,crop.json,site.json,False,dwd/csvs,dwd/csvs/germany_ubn_1951-01-01_to_2024-08-30,,,,,,2021-01-01,2021-12-31,False,False,True,True,True,False,False,True,False,False,False,False,False,,,0.98,100_220_390_120_330_140_25,historic_runs,,NW_CType2_2021_100_25832_etrs89-utm32n.asc
23,True,fixed,auto,SM_sfix_hauto,sim.json,crop.json,site.json,False,dwd/csvs,dwd/csvs/germany_ubn_1951-01-01_to_2024-08-30,,,,,,2022-01-01,2022-12-31,False,False,True,True,True,False,False,True,False,True,False,False,False,,,0.98,100_220_390_120_330_140_25,historic_runs,,NW_CType2_2022_100_25832_etrs89-utm32n.asc
24,True,fixed,auto,SM_sfix_hauto,sim.json,crop.json,site.json,False,dwd/csvs,dwd/csvs/germany_ubn_1951-01-01_to_2024-08-30,,,,,,2022-01-01,2022-12-31,False,False,True,True,True,False,False,True,False,False,False,False,False,,,0.98,100_220_390_120_330_140_25,historic_runs,,NW_CType2_2022_100_25832_etrs89-utm32n.asc
25,True,fixed,auto,SM_sfix_hauto,sim.json,crop.json,site.json,False,dwd/csvs,dwd/csvs/germany_ubn_1951-01-01_to_2024-08-30,,,,,,2023-01-01,2023-12-31,False,False,True,True,True,False,False,True,False,True,False,False,False,,,0.98,100_220_390_120_330_140_25,historic_runs,,NW_CType2_2023_100_25832_etrs89-utm32n.asc
26,True,fixed,auto,SM_sfix_hauto,sim.json,crop.json,site.json,False,dwd/csvs,dwd/csvs/germany_ubn_1951-01-01_to_2024-08-30,,,,,,2023-01-01,2023-12-31,False,False,True,True,True,False,False,True,False,False,False,False,False,,,0.98,100_220_390_120_330_140_25,historic_runs,,NW_CType2_2023_100_25832_etrs89-utm32n.asc
27,True,fixed,auto,SM_sfix_hauto,sim.json,crop.json,site.json,False,dwd/csvs,dwd/csvs/germany_ubn_1951-01-01_to_2024-08-30,,,,,,2024-01-01,2024-08-30,False,False,True,True,True,False,False,True,False,True,False,False,False,,,0.98,100_220_390_120_330_140_25,historic_runs,,NW_CType2_2024_100_25832_etrs89-utm32n.asc
28,True,fixed,auto,SM_sfix_hauto,sim.json,crop.json,site.json,False,dwd/csvs,dwd/csvs/germany_ubn_1951-01-01_to_2024-08-30,,,,,,2024-01-01,2024-08-30,False,False,True,True,True,False,False,True,False,False,False,False,False,,,0.98,100_220_390_120_330_140_25,historic_runs,,NW_CType2_2024_100_25832_etrs89-utm32n.asc
29,True,fixed,auto,WW_sfix_hauto,sim.json,crop.json,site.json,False,dwd/csvs,dwd/csvs/germany_ubn_1951-01-01_to_2024-08-30,,,,,,2018-01-01,2019-12-31,False,False,True,True,True,False,False,True,False,True,False,False,False,,,1.0,148_284_335_180_274_25,historic_runs,,NW_CType3_2019_100_25832_etrs89-utm32n.asc
30,True,fixed,auto,WW_sfix_hauto,sim.json,crop.json,site.json,False,dwd/csvs,dwd/csvs/germany_ubn_1951-01-01_to_2024-08-30,,,,,,2018-01-01,2019-12-31,False,False,True,True,True,False,False,True,False,False,False,False,False,,,1.0,148_284_335_180_274_25,historic_runs,,NW_CType3_2019_100_25832_etrs89-utm32n.asc
31,True,fixed,auto,WW_sfix_hauto,sim.json,crop.json,site.json,False,dwd/csvs,dwd/csvs/germany_ubn_1951-01-01_to_2024-08-30,,,,,,2019-01-01,2020-12-31,False,False,True,True,True,False,False,True,False,True,False,False,False,,,1.0,148_284_335_180_274_25,historic_runs,,NW_CType3_2020_100_25832_etrs89-utm32n.asc
32,True,fixed,auto,WW_sfix_hauto,sim.json,crop.json,site.json,False,dwd/csvs,dwd/csvs/germany_ubn_1951-01-01_to_2024-08-30,,,,,,2019-01-01,2020-12-31,False,False,True,True,True,False,False,True,False,False,False,False,False,,,1.0,148_284_335_180_274_25,historic_runs,,NW_CType3_2020_100_25832_etrs89-utm32n.asc
33,True,fixed,auto,WW_sfix_hauto,sim.json,crop.json,site.json,False,dwd/csvs,dwd/csvs/germany_ubn_1951-01-01_to_2024-08-30,,,,,,2020-01-01,2021-12-31,False,False,True,True,True,False,False,True,False,True,False,False,False,,,1.0,148_284_335_180_274_25,historic_runs,,NW_CType3_2021_100_25832_etrs89-utm32n.asc
34,True,fixed,auto,WW_sfix_hauto,sim.json,crop.json,site.json,False,dwd/csvs,dwd/csvs/germany_ubn_1951-01-01_to_2024-08-30,,,,,,2020-01-01,2021-12-31,False,False,True,True,True,False,False,True,False,False,False,False,False,,,1.0,148_284_335_180_274_25,historic_runs,,NW_CType3_2021_100_25832_etrs89-utm32n.asc
35,True,fixed,auto,WW_sfix_hauto,sim.json,crop.json,site.json,False,dwd/csvs,dwd/csvs/germany_ubn_1951-01-01_to_2024-08-30,,,,,,2021-01-01,2022-12-31,False,False,True,True,True,False,False,True,False,True,False,False,False,,,1.0,148_284_335_180_274_25,historic_runs,,NW_CType3_2022_100_25832_etrs89-utm32n.asc
36,True,fixed,auto,WW_sfix_hauto,sim.json,crop.json,site.json,False,dwd/csvs,dwd/csvs/germany_ubn_1951-01-01_to_2024-08-30,,,,,,2021-01-01,2022-12-31,False,False,True,True,True,False,False,True,False,False,False,False,False,,,1.0,148_284_335_180_274_25,historic_runs,,NW_CType3_2022_100_25832_etrs89-utm32n.asc
37,True,fixed,auto,WW_sfix_hauto,sim.json,crop.json,site.json,False,dwd/csvs,dwd/csvs/germany_ubn_1951-01-01_to_2024-08-30,,,,,,2022-01-01,2023-12-31,False,False,True,True,True,False,False,True,False,True,False,False,False,,,1.0,148_284_335_180_274_25,historic_runs,,NW_CType3_2023_100_25832_etrs89-utm32n.asc
38,True,fixed,auto,WW_sfix_hauto,sim.json,crop.json,site.json,False,dwd/csvs,dwd/csvs/germany_ubn_1951-01-01_to_2024-08-30,,,,,,2022-01-01,2023-12-31,False,False,True,True,True,False,False,True,False,False,False,False,False,,,1.0,148_284_335_180_274_25,historic_runs,,NW_CType3_2023_100_25832_etrs89-utm32n.asc
39,True,fixed,auto,WW_sfix_hauto,sim.json,crop.json,site.json,False,dwd/csvs,dwd/csvs/germany_ubn_1951-01-01_to_2024-08-30,,,,,,2023-01-01,2024-08-30,False,False,True,True,True,False,False,True,False,True,False,False,False,,,1.0,148_284_335_180_274_25,historic_runs,,NW_CType3_2024_100_25832_etrs89-utm32n.asc
40,True,fixed,auto,WW_sfix_hauto,sim.json,crop.json,site.json,False,dwd/csvs,dwd/csvs/germany_ubn_1951-01-01_to_2024-08-30,,,,,,2023-01-01,2024-08-30,False,False,True,True,True,False,False,True,False,False,False,False,False,,,1.0,148_284_335_180_274_25,historic_runs,,NW_CType3_2024_100_25832_etrs89-utm32n.asc
41,True,fixed,auto,SM_sfix_hauto,sim.json,crop.json,site.json,False,dwd/csvs,dwd/csvs/germany_ubn_1951-01-01_to_2024-08-30,,,,,,2005-01-01,2005-12-31,False,False,True,True,True,False,False,True,False,True,False,False,False,,,0.98,100_220_390_120_330_140_25,historic_runs,,BB_CType2_2005_100_25832_etrs89-utm32n.asc
42,True,fixed,auto,SM_sfix_hauto,sim.json,crop.json,site.json,False,dwd/csvs,dwd/csvs/germany_ubn_1951-01-01_to_2024-08-30,,,,,,2005-01-01,2005-12-31,False,False,True,True,True,False,False,True,False,False,False,False,False,,,0.98,100_220_390_120_330_140_25,historic_runs,,BB_CType2_2005_100_25832_etrs89-utm32n.asc
43,True,fixed,auto,SM_sfix_hauto,sim.json,crop.json,site.json,False,dwd/csvs,dwd/csvs/germany_ubn_1951-01-01_to_2024-08-30,,,,,,2006-01-01,2006-12-31,False,False,True,True,True,False,False,True,False,True,False,False,False,,,0.98,100_220_390_120_330_140_25,historic_runs,,BB_CType2_2006_100_25832_etrs89-utm32n.asc
44,True,fixed,auto,SM_sfix_hauto,sim.json,crop.json,site.json,False,dwd/csvs,dwd/csvs/germany_ubn_1951-01-01_to_2024-08-30,,,,,,2006-01-01,2006-12-31,False,False,True,True,True,False,False,True,False,False,False,False,False,,,0.98,100_220_390_120_330_140_25,historic_runs,,BB_CType2_2006_100_25832_etrs89-utm32n.asc
45,True,fixed,auto,SM_sfix_hauto,sim.json,crop.json,site.json,False,dwd/csvs,dwd/csvs/germany_ubn_1951-01-01_to_2024-08-30,,,,,,2007-01-01,2007-12-31,False,False,True,True,True,False,False,True,False,True,False,False,False,,,0.98,100_220_390_120_330_140_25,historic_runs,,BB_CType2_2007_100_25832_etrs89-utm32n.asc
46,True,fixed,auto,SM_sfix_hauto,sim.json,crop.json,site.json,False,dwd/csvs,dwd/csvs/germany_ubn_1951-01-01_to_2024-08-30,,,,,,2007-01-01,2007-12-31,False,False,True,True,True,False,False,True,False,False,False,False,False,,,0.98,100_220_390_120_330_140_25,historic_runs,,BB_CType2_2007_100_25832_etrs89-utm32n.asc
47,True,fixed,auto,SM_sfix_hauto,sim.json,crop.json,site.json,False,dwd/csvs,dwd/csvs/germany_ubn_1951-01-01_to_2024-08-30,,,,,,2008-01-01,2008-12-31,False,False,True,True,True,False,False,True,False,True,False,False,False,,,0.98,100_220_390_120_330_140_25,historic_runs,,BB_CType2_2008_100_25832_etrs89-utm32n.asc
48,True,fixed,auto,SM_sfix_hauto,sim.json,crop.json,site.json,False,dwd/csvs,dwd/csvs/germany_ubn_1951-01-01_to_2024-08-30,,,,,,2008-01-01,2008-12-31,False,False,True,True,True,False,False,True,False,False,False,False,False,,,0.98,100_220_390_120_330_140_25,historic_runs,,BB_CType2_2008_100_25832_etrs89-utm32n.asc
49,True,fixed,auto,SM_sfix_hauto,sim.json,crop.json,site.json,False,dwd/csvs,dwd/csvs/germany_ubn_1951-01-01_to_2024-08-30,,,,,,2009-01-01,2009-12-31,False,False,True,True,True,False,False,True,False,True,False,False,False,,,0.98,100_220_390_120_330_140_25,historic_runs,,BB_CType2_2009_100_25832_etrs89-utm32n.asc
50,True,fixed,auto,SM_sfix_hauto,sim.json,crop.json,site.json,False,dwd/csvs,dwd/csvs/germany_ubn_1951-01-01_to_2024-08-30,,,,,,2009-01-01,2009-12-31,False,False,True,True,True,False,False,True,False,False,False,False,False,,,0.98,100_220_390_120_330_140_25,historic_runs,,BB_CType2_2009_100_25832_etrs89-utm32n.asc
51,True,fixed,auto,SM_sfix_hauto,sim.json,crop.json,site.json,False,dwd/csvs,dwd/csvs/germany_ubn_1951-01-01_to_2024-08-30,,,,,,2010-01-01,2010-12-31,False,False,True,True,True,False,False,True,False,True,False,False,False,,,0.98,100_220_390_120_330_140_25,historic_runs,,BB_CType2_2010_100_25832_etrs89-utm32n.asc
52,True,fixed,auto,SM_sfix_hauto,sim.json,crop.json,site.json,False,dwd/csvs,dwd/csvs/germany_ubn_1951-01-01_to_2024-08-30,,,,,,2010-01-01,2010-12-31,False,False,True,True,True,False,False,True,False,False,False,False,False,,,0.98,100_220_390_120_330_140_25,historic_runs,,BB_CType2_2010_100_25832_etrs89-utm32n.asc
53,True,fixed,auto,SM_sfix_hauto,sim.json,crop.json,site.json,False,dwd/csvs,dwd/csvs/germany_ubn_1951-01-01_to_2024-08-30,,,,,,2011-01-01,2011-12-31,False,False,True,True,True,False,False,True,False,True,False,False,False,,,0.98,100_220_390_120_330_140_25,historic_runs,,BB_CType2_2011_100_25832_etrs89-utm32n.asc
54,True,fixed,auto,SM_sfix_hauto,sim.json,crop.json,site.json,False,dwd/csvs,dwd/csvs/germany_ubn_1951-01-01_to_2024-08-30,,,,,,2011-01-01,2011-12-31,False,False,True,True,True,False,False,True,False,False,False,False,False,,,0.98,100_220_390_120_330_140_25,historic_runs,,BB_CType2_2011_100_25832_etrs89-utm32n.asc
55,True,fixed,auto,SM_sfix_hauto,sim.json,crop.json,site.json,False,dwd/csvs,dwd/csvs/germany_ubn_1951-01-01_to_2024-08-30,,,,,,2012-01-01,2012-12-31,False,False,True,True,True,False,False,True,False,True,False,False,False,,,0.98,100_220_390_120_330_140_25,historic_runs,,BB_CType2_2012_100_25832_etrs89-utm32n.asc
56,True,fixed,auto,SM_sfix_hauto,sim.json,crop.json,site.json,False,dwd/csvs,dwd/csvs/germany_ubn_1951-01-01_to_2024-08-30,,,,,,2012-01-01,2012-12-31,False,False,True,True,True,False,False,True,False,False,False,False,False,,,0.98,100_220_390_120_330_140_25,historic_runs,,BB_CType2_2012_100_25832_etrs89-utm32n.asc
57,True,fixed,auto,SM_sfix_hauto,sim.json,crop.json,site.json,False,dwd/csvs,dwd/csvs/germany_ubn_1951-01-01_to_2024-08-30,,,,,,2013-01-01,2013-12-31,False,False,True,True,True,False,False,True,False,True,False,False,False,,,0.98,100_220_390_120_330_140_25,historic_runs,,BB_CType2_2013_100_25832_etrs89-utm32n.asc
58,True,fixed,auto,SM_sfix_hauto,sim.json,crop.json,site.json,False,dwd/csvs,dwd/csvs/germany_ubn_1951-01-01_to_2024-08-30,,,,,,2013-01-01,2013-12-31,False,False,True,True,True,False,False,True,False,False,False,False,False,,,0.98,100_220_390_120_330_140_25,historic_runs,,BB_CType2_2013_100_25832_etrs89-utm32n.asc
59,True,fixed,auto,SM_sfix_hauto,sim.json,crop.json,site.json,False,dwd/csvs,dwd/csvs/germany_ubn_1951-01-01_to_2024-08-30,,,,,,2014-01-01,2014-12-31,False,False,True,True,True,False,False,True,False,True,False,False,False,,,0.98,100_220_390_120_330_140_25,historic_runs,,BB_CType2_2014_100_25832_etrs89-utm32n.asc
60,True,fixed,auto,SM_sfix_hauto,sim.json,crop.json,site.json,False,dwd/csvs,dwd/csvs/germany_ubn_1951-01-01_to_2024-08-30,,,,,,2014-01-01,2014-12-31,False,False,True,True,True,False,False,True,False,False,False,False,False,,,0.98,100_220_390_120_330_140_25,historic_runs,,BB_CType2_2014_100_25832_etrs89-utm32n.asc
61,True,fixed,auto,SM_sfix_hauto,sim.json,crop.json,site.json,False,dwd/csvs,dwd/csvs/germany_ubn_1951-01-01_to_2024-08-30,,,,,,2015-01-01,2015-12-31,False,False,True,True,True,False,False,True,False,True,False,False,False,,,0.98,100_220_390_120_330_140_25,historic_runs,,BB_CType2_2015_100_25832_etrs89-utm32n.asc
62,True,fixed,auto,SM_sfix_hauto,sim.json,crop.json,site.json,False,dwd/csvs,dwd/csvs/germany_ubn_1951-01-01_to_2024-08-30,,,,,,2015-01-01,2015-12-31,False,False,True,True,True,False,False,True,False,False,False,False,False,,,0.98,100_220_390_120_330_140_25,historic_runs,,BB_CType2_2015_100_25832_etrs89-utm32n.asc
63,True,fixed,auto,SM_sfix_hauto,sim.json,crop.json,site.json,False,dwd/csvs,dwd/csvs/germany_ubn_1951-01-01_to_2024-08-30,,,,,,2016-01-01,2016-12-31,False,False,True,True,True,False,False,True,False,True,False,False,False,,,0.98,100_220_390_120_330_140_25,historic_runs,,BB_CType2_2016_100_25832_etrs89-utm32n.asc
64,True,fixed,auto,SM_sfix_hauto,sim.json,crop.json,site.json,False,dwd/csvs,dwd/csvs/germany_ubn_1951-01-01_to_2024-08-30,,,,,,2016-01-01,2016-12-31,False,False,True,True,True,False,False,True,False,False,False,False,False,,,0.98,100_220_390_120_330_140_25,historic_runs,,BB_CType2_2016_100_25832_etrs89-utm32n.asc
65,True,fixed,auto,SM_sfix_hauto,sim.json,crop.json,site.json,False,dwd/csvs,dwd/csvs/germany_ubn_1951-01-01_to_2024-08-30,,,,,,2017-01-01,2017-12-31,False,False,True,True,True,False,False,True,False,True,False,False,False,,,0.98,100_220_390_120_330_140_25,historic_runs,,BB_CType2_2017_100_25832_etrs89-utm32n.asc
66,True,fixed,auto,SM_sfix_hauto,sim.json,crop.json,site.json,False,dwd/csvs,dwd/csvs/germany_ubn_1951-01-01_to_2024-08-30,,,,,,2017-01-01,2017-12-31,False,False,True,True,True,False,False,True,False,False,False,False,False,,,0.98,100_220_390_120_330_140_25,historic_runs,,BB_CType2_2017_100_25832_etrs89-utm32n.asc
67,True,fixed,auto,SM_sfix_hauto,sim.json,crop.json,site.json,False,dwd/csvs,dwd/csvs/germany_ubn_1951-01-01_to_2024-08-30,,,,,,2018-01-01,2018-12-31,False,False,True,True,True,False,False,True,False,True,False,False,False,,,0.98,100_220_390_120_330_140_25,historic_runs,,BB_CType2_2018_100_25832_etrs89-utm32n.asc
68,True,fixed,auto,SM_sfix_hauto,sim.json,crop.json,site.json,False,dwd/csvs,dwd/csvs/germany_ubn_1951-01-01_to_2024-08-30,,,,,,2018-01-01,2018-12-31,False,False,True,True,True,False,False,True,False,False,False,False,False,,,0.98,100_220_390_120_330_140_25,historic_runs,,BB_CType2_2018_100_25832_etrs89-utm32n.asc
69,True,fixed,auto,SM_sfix_hauto,sim.json,crop.json,site.json,False,dwd/csvs,dwd/csvs/germany_ubn_1951-01-01_to_2024-08-30,,,,,,2019-01-01,2019-12-31,False,False,True,True,True,False,False,True,False,True,False,False,False,,,0.98,100_220_390_120_330_140_25,historic_runs,,BB_CType2_2019_100_25832_etrs89-utm32n.asc
70,True,fixed,auto,SM_sfix_hauto,sim.json,crop.json,site.json,False,dwd/csvs,dwd/csvs/germany_ubn_1951-01-01_to_2024-08-30,,,,,,2019-01-01,2019-12-31,False,False,True,True,True,False,False,True,False,False,False,False,False,,,0.98,100_220_390_120_330_140_25,historic_runs,,BB_CType2_2019_100_25832_etrs89-utm32n.asc
71,True,fixed,auto,SM_sfix_hauto,sim.json,crop.json,site.json,False,dwd/csvs,dwd/csvs/germany_ubn_1951-01-01_to_2024-08-30,,,,,,2020-01-01,2020-12-31,False,False,True,True,True,False,False,True,False,True,False,False,False,,,0.98,100_220_390_120_330_140_25,historic_runs,,BB_CType2_2020_100_25832_etrs89-utm32n.asc
72,True,fixed,auto,SM_sfix_hauto,sim.json,crop.json,site.json,False,dwd/csvs,dwd/csvs/germany_ubn_1951-01-01_to_2024-08-30,,,,,,2020-01-01,2020-12-31,False,False,True,True,True,False,False,True,False,False,False,False,False,,,0.98,100_220_390_120_330_140_25,historic_runs,,BB_CType2_2020_100_25832_etrs89-utm32n.asc
73,True,fixed,auto,SM_sfix_hauto,sim.json,crop.json,site.json,False,dwd/csvs,dwd/csvs/germany_ubn_1951-01-01_to_2024-08-30,,,,,,2021-01-01,2021-12-31,False,False,True,True,True,False,False,True,False,True,False,False,False,,,0.98,100_220_390_120_330_140_25,historic_runs,,BB_CType2_2021_100_25832_etrs89-utm32n.asc
74,True,fixed,auto,SM_sfix_hauto,sim.json,crop.json,site.json,False,dwd/csvs,dwd/csvs/germany_ubn_1951-01-01_to_2024-08-30,,,,,,2021-01-01,2021-12-31,False,False,True,True,True,False,False,True,False,False,False,False,False,,,0.98,100_220_390_120_330_140_25,historic_runs,,BB_CType2_2021_100_25832_etrs89-utm32n.asc
75,True,fixed,auto,SM_sfix_hauto,sim.json,crop.json,site.json,False,dwd/csvs,dwd/csvs/germany_ubn_1951-01-01_to_2024-08-30,,,,,,2022-01-01,2022-12-31,False,False,True,True,True,False,False,True,False,True,False,False,False,,,0.98,100_220_390_120_330_140_25,historic_runs,,BB_CType2_2022_100_25832_etrs89-utm32n.asc
76,True,fixed,auto,SM_sfix_hauto,sim.json,crop.json,site.json,False,dwd/csvs,dwd/csvs/germany_ubn_1951-01-01_to_2024-08-30,,,,,,2022-01-01,2022-12-31,False,False,True,True,True,False,False,True,False,False,False,False,False,,,0.98,100_220_390_120_330_140_25,historic_runs,,BB_CType2_2022_100_25832_etrs89-utm32n.asc
77,True,fixed,auto,WW_sfix_hauto,sim.json,crop.json,site.json,False,dwd/csvs,dwd/csvs/germany_ubn_1951-01-01_to_2024-08-30,,,,,,2004-01-01,2005-12-31,False,False,True,True,True,False,False,True,False,True,False,False,False,,,1.0,148_284_335_180_274_25,historic_runs,,BB_CType3_2005_100_25832_etrs89-utm32n.asc
78,True,fixed,auto,WW_sfix_hauto,sim.json,crop.json,site.json,False,dwd/csvs,dwd/csvs/germany_ubn_1951-01-01_to_2024-08-30,,,,,,2004-01-01,2005-12-31,False,False,True,True,True,False,False,True,False,False,False,False,False,,,1.0,148_284_335_180_274_25,historic_runs,,BB_CType3_2005_100_25832_etrs89-utm32n.asc
79,True,fixed,auto,WW_sfix_hauto,sim.json,crop.json,site.json,False,dwd/csvs,dwd/csvs/germany_ubn_1951-01-01_to_2024-08-30,,,,,,2005-01-01,2006-12-31,False,False,True,True,True,False,False,True,False,True,False,False,False,,,1.0,148_284_335_180_274_25,historic_runs,,BB_CType3_2006_100_25832_etrs89-utm32n.asc
80,True,fixed,auto,WW_sfix_hauto,sim.json,crop.json,site.json,False,dwd/csvs,dwd/csvs/germany_ubn_1951-01-01_to_2024-08-30,,,,,,2005-01-01,2006-12-31,False,False,True,True,True,False,False,True,False,False,False,False,False,,,1.0,148_284_335_180_274_25,historic_runs,,BB_CType3_2006_100_25832_etrs89-utm32n.asc
81,True,fixed,auto,WW_sfix_hauto,sim.json,crop.json,site.json,False,dwd/csvs,dwd/csvs/germany_ubn_1951-01-01_to_2024-08-30,,,,,,2006-01-01,2007-12-31,False,False,True,True,True,False,False,True,False,True,False,False,False,,,1.0,148_284_335_180_274_25,historic_runs,,BB_CType3_2007_100_25832_etrs89-utm32n.asc
82,True,fixed,auto,WW_sfix_hauto,sim.json,crop.json,site.json,False,dwd/csvs,dwd/csvs/germany_ubn_1951-01-01_to_2024-08-30,,,,,,2006-01-01,2007-12-31,False,False,True,True,True,False,False,True,False,False,False,False,False,,,1.0,148_284_335_180_274_25,historic_runs,,BB_CType3_2007_100_25832_etrs89-utm32n.asc
83,True,fixed,auto,WW_sfix_hauto,sim.json,crop.json,site.json,False,dwd/csvs,dwd/csvs/germany_ubn_1951-01-01_to_2024-08-30,,,,,,2007-01-01,2008-12-31,False,False,True,True,True,False,False,True,False,True,False,False,False,,,1.0,148_284_335_180_274_25,historic_runs,,BB_CType3_2008_100_25832_etrs89-utm32n.asc
84,True,fixed,auto,WW_sfix_hauto,sim.json,crop.json,site.json,False,dwd/csvs,dwd/csvs/germany_ubn_1951-01-01_to_2024-08-30,,,,,,2007-01-01,2008-12-31,False,False,True,True,True,False,False,True,False,False,False,False,False,,,1.0,148_284_335_180_274_25,historic_runs,,BB_CType3_2008_100_25832_etrs89-utm32n.asc
85,True,fixed,auto,WW_sfix_hauto,sim.json,crop.json,site.json,False,dwd/csvs,dwd/csvs/germany_ubn_1951-01-01_to_2024-08-30,,,,,,2008-01-01,2009-12-31,False,False,True,True,True,False,False,True,False,True,False,False,False,,,1.0,148_284_335_180_274_25,historic_runs,,BB_CType3_2009_100_25832_etrs89-utm32n.asc
86,True,fixed,auto,WW_sfix_hauto,sim.json,crop.json,site.json,False,dwd/csvs,dwd/csvs/germany_ubn_1951-01-01_to_2024-08-30,,,,,,2008-01-01,2009-12-31,False,False,True,True,True,False,False,True,False,False,False,False,False,,,1.0,148_284_335_180_274_25,historic_runs,,BB_CType3_2009_100_25832_etrs89-utm32n.asc
87,True,fixed,auto,WW_sfix_hauto,sim.json,crop.json,site.json,False,dwd/csvs,dwd/csvs/germany_ubn_1951-01-01_to_2024-08-30,,,,,,2009-01-01,2010-12-31,False,False,True,True,True,False,False,True,False,True,False,False,False,,,1.0,148_284_335_180_274_25,historic_runs,,BB_CType3_2010_100_25832_etrs89-utm32n.asc
88,True,fixed,auto,WW_sfix_hauto,sim.json,crop.json,site.json,False,dwd/csvs,dwd/csvs/germany_ubn_1951-01-01_to_2024-08-30,,,,,,2009-01-01,2010-12-31,False,False,True,True,True,False,False,True,False,False,False,False,False,,,1.0,148_284_335_180_274_25,historic_runs,,BB_CType3_2010_100_25832_etrs89-utm32n.asc
89,True,fixed,auto,WW_sfix_hauto,sim.json,crop.json,site.json,False,dwd/csvs,dwd/csvs/germany_ubn_1951-01-01_to_2024-08-30,,,,,,2010-01-01,2011-12-31,False,False,True,True,True,False,False,True,False,True,False,False,False,,,1.0,148_284_335_180_274_25,historic_runs,,BB_CType3_2011_100_25832_etrs89-utm32n.asc
90,True,fixed,auto,WW_sfix_hauto,sim.json,crop.json,site.json,False,dwd/csvs,dwd/csvs/germany_ubn_1951-01-01_to_2024-08-30,,,,,,2010-01-01,2011-12-31,False,False,True,True,True,False,False,True,False,False,False,False,False,,,1.0,148_284_335_180_274_25,historic_runs,,BB_CType3_2011_100_25832_etrs89-utm32n.asc
91,True,fixed,auto,WW_sfix_hauto,sim.json,crop.json,site.json,False,dwd/csvs,dwd/csvs/germany_ubn_1951-01-01_to_2024-08-30,,,,,,2011-01-01,2012-12-31,False,False,True,True,True,False,False,True,False,True,False,False,False,,,1.0,148_284_335_180_274_25,historic_runs,,BB_CType3_2012_100_25832_etrs89-utm32n.asc
92,True,fixed,auto,WW_sfix_hauto,sim.json,crop.json,site.json,False,dwd/csvs,dwd/csvs/germany_ubn_1951-01-01_to_2024-08-30,,,,,,2011-01-01,2012-12-31,False,False,True,True,True,False,False,True,False,False,False,False,False,,,1.0,148_284_335_180_274_25,historic_runs,,BB_CType3_2012_100_25832_etrs89-utm32n.asc
93,True,fixed,auto,WW_sfix_hauto,sim.json,crop.json,site.json,False,dwd/csvs,dwd/csvs/germany_ubn_1951-01-01_to_2024-08-30,,,,,,2012-01-01,2013-12-31,False,False,True,True,True,False,False,True,False,True,False,False,False,,,1.0,148_284_335_180_274_25,historic_runs,,BB_CType3_2013_100_25832_etrs89-utm32n.asc
94,True,fixed,auto,WW_sfix_hauto,sim.json,crop.json,site.json,False,dwd/csvs,dwd/csvs/germany_ubn_1951-01-01_to_2024-08-30,,,,,,2012-01-01,2013-12-31,False,False,True,True,True,False,False,True,False,False,False,False,False,,,1.0,148_284_335_180_274_25,historic_runs,,BB_CType3_2013_100_25832_etrs89-utm32n.asc
95,True,fixed,auto,WW_sfix_hauto,sim.json,crop.json,site.json,False,dwd/csvs,dwd/csvs/germany_ubn_1951-01-01_to_2024-08-30,,,,,,2013-01-01,2014-12-31,False,False,True,True,True,False,False,True,False,True,False,False,False,,,1.0,148_284_335_180_274_25,historic_runs,,BB_CType3_2014_100_25832_etrs89-utm32n.asc
96,True,fixed,auto,WW_sfix_hauto,sim.json,crop.json,site.json,False,dwd/csvs,dwd/csvs/germany_ubn_1951-01-01_to_2024-08-30,,,,,,2013-01-01,2014-12-31,False,False,True,True,True,False,False,True,False,False,False,False,False,,,1.0,148_284_335_180_274_25,historic_runs,,BB_CType3_2014_100_25832_etrs89-utm32n.asc
97,True,fixed,auto,WW_sfix_hauto,sim.json,crop.json,site.json,False,dwd/csvs,dwd/csvs/germany_ubn_1951-01-01_to_2024-08-30,,,,,,2014-01-01,2015-12-31,False,False,True,True,True,False,False,True,False,True,False,False,False,,,1.0,148_284_335_180_274_25,historic_runs,,BB_CType3_2015_100_25832_etrs89-utm32n.asc
98,True,fixed,auto,WW_sfix_hauto,sim.json,crop.json,site.json,False,dwd/csvs,dwd/csvs/germany_ubn_1951-01-01_to_2024-08-30,,,,,,2014-01-01,2015-12-31,False,False,True,True,True,False,False,True,False,False,False,False,False,,,1.0,148_284_335_180_274_25,historic_runs,,BB_CType3_2015_100_25832_etrs89-utm32n.asc
99,True,fixed,auto,WW_sfix_hauto,sim.json,crop.json,site.json,False,dwd/csvs,dwd/csvs/germany_ubn_1951-01-01_to_2024-08-30,,,,,,2015-01-01,2016-12-31,False,False,True,True,True,False,False,True,False,True,False,False,False,,,1.0,148_284_335_180_274_25,historic_runs,,BB_CType3_2016_100_25832_etrs89-utm32n.asc
100,True,fixed,auto,WW_sfix_hauto,sim.json,crop.json,site.json,False,dwd/csvs,dwd/csvs/germany_ubn_1951-01-01_to_2024-08-30,,,,,,2015-01-01,2016-12-31,False,False,True,True,True,False,False,True,False,False,False,False,False,,,1.0,148_284_335_180_274_25,historic_runs,,BB_CType3_2016_100_25832_etrs89-utm32n.asc
101,True,fixed,auto,WW_sfix_hauto,sim.json,crop.json,site.json,False,dwd/csvs,dwd/csvs/germany_ubn_1951-01-01_to_2024-08-30,,,,,,2016-01-01,2017-12-31,False,False,True,True,True,False,False,True,False,True,False,False,False,,,1.0,148_284_335_180_274_25,historic_runs,,BB_CType3_2017_100_25832_etrs89-utm32n.asc
102,True,fixed,auto,WW_sfix_hauto,sim.json,crop.json,site.json,False,dwd/csvs,dwd/csvs/germany_ubn_1951-01-01_to_2024-08-30,,,,,,2016-01-01,2017-12-31,False,False,True,True,True,False,False,True,False,False,False,False,False,,,1.0,148_284_335_180_274_25,historic_runs,,BB_CType3_2017_100_25832_etrs89-utm32n.asc
103,True,fixed,auto,WW_sfix_hauto,sim.json,crop.json,site.json,False,dwd/csvs,dwd/csvs/germany_ubn_1951-01-01_to_2024-08-30,,,,,,2017-01-01,2018-12-31,False,False,True,True,True,False,False,True,False,True,False,False,False,,,1.0,148_284_335_180_274_25,historic_runs,,BB_CType3_2018_100_25832_etrs89-utm32n.asc
104,True,fixed,auto,WW_sfix_hauto,sim.json,crop.json,site.json,False,dwd/csvs,dwd/csvs/germany_ubn_1951-01-01_to_2024-08-30,,,,,,2017-01-01,2018-12-31,False,False,True,True,True,False,False,True,False,False,False,False,False,,,1.0,148_284_335_180_274_25,historic_runs,,BB_CType3_2018_100_25832_etrs89-utm32n.asc
105,True,fixed,auto,WW_sfix_hauto,sim.json,crop.json,site.json,False,dwd/csvs,dwd/csvs/germany_ubn_1951-01-01_to_2024-08-30,,,,,,2018-01-01,2019-12-31,False,False,True,True,True,False,False,True,False,True,False,False,False,,,1.0,148_284_335_180_274_25,historic_runs,,BB_CType3_2019_100_25832_etrs89-utm32n.asc
106,True,fixed,auto,WW_sfix_hauto,sim.json,crop.json,site.json,False,dwd/csvs,dwd/csvs/germany_ubn_1951-01-01_to_2024-08-30,,,,,,2018-01-01,2019-12-31,False,False,True,True,True,False,False,True,False,False,False,False,False,,,1.0,148_284_335_180_274_25,historic_runs,,BB_CType3_2019_100_25832_etrs89-utm32n.asc
107,True,fixed,auto,WW_sfix_hauto,sim.json,crop.json,site.json,False,dwd/csvs,dwd/csvs/germany_ubn_1951-01-01_to_2024-08-30,,,,,,2019-01-01,2020-12-31,False,False,True,True,True,False,False,True,False,True,False,False,False,,,1.0,148_284_335_180_274_25,historic_runs,,BB_CType3_2020_100_25832_etrs89-utm32n.asc
108,True,fixed,auto,WW_sfix_hauto,sim.json,crop.json,site.json,False,dwd/csvs,dwd/csvs/germany_ubn_1951-01-01_to_2024-08-30,,,,,,2019-01-01,2020-12-31,False,False,True,True,True,False,False,True,False,False,False,False,False,,,1.0,148_284_335_180_274_25,historic_runs,,BB_CType3_2020_100_25832_etrs89-utm32n.asc
109,True,fixed,auto,WW_sfix_hauto,sim.json,crop.json,site.json,False,dwd/csvs,dwd/csvs/germany_ubn_1951-01-01_to_2024-08-30,,,,,,2020-01-01,2021-12-31,False,False,True,True,True,False,False,True,False,True,False,False,False,,,1.0,148_284_335_180_274_25,historic_runs,,BB_CType3_2021_100_25832_etrs89-utm32n.asc
110,True,fixed,auto,WW_sfix_hauto,sim.json,crop.json,site.json,False,dwd/csvs,dwd/csvs/germany_ubn_1951-01-01_to_2024-08-30,,,,,,2020-01-01,2021-12-31,False,False,True,True,True,False,False,True,False,False,False,False,False,,,1.0,148_284_335_180_274_25,historic_runs,,BB_CType3_2021_100_25832_etrs89-utm32n.asc
111,True,fixed,auto,WW_sfix_hauto,sim.json,crop.json,site.json,False,dwd/csvs,dwd/csvs/germany_ubn_1951-01-01_to_2024-08-30,,,,,,2021-01-01,2022-12-31,False,False,True,True,True,False,False,True,False,True,False,False,False,,,1.0,148_284_335_180_274_25,historic_runs,,BB_CType3_2022_100_25832_etrs89-utm32n.asc
112,True,fixed,auto,WW_sfix_hauto,sim.json,crop.json,site.json,False,dwd/csvs,dwd/csvs/germany_ubn_1951-01-01_to_2024-08-30,,,,,,2021-01-01,2022-12-31,False,False,True,True,True,False,False,True,False,False,False,False,False,,,1.0,148_284_335_180_274_25,historic_runs,,BB_CType3_2022_100_25832_etrs89-utm32n.asc
113,True,fixed,auto,WW_sfix_hauto,sim.json,crop.json,site.json,False,dwd/csvs,dwd/csvs/germany_ubn_1951-01-01_to_2024-08-30,,,,,,2022-01-01,2023-12-31,False,False,True,True,True,False,False,True,False,True,False,False,False,,,1.0,148_284_335_180_274_25,historic_runs,,BB_CType3_2023_100_25832_etrs89-utm32n.asc
114,True,fixed,auto,WW_sfix_hauto,sim.json,crop.json,site.json,False,dwd/csvs,dwd/csvs/germany_ubn_1951-01-01_to_2024-08-30,,,,,,2022-01-01,2023-12-31,False,False,True,True,True,False,False,True,False,False,False,False,False,,,1.0,148_284_335_180_274_25,historic_runs,,BB_CType3_2023_100_25832_etrs89-utm32n.asc
115,True,fixed,auto,SM_sfix_hauto,sim.json,crop.json,site.json,False,dwd/csvs,dwd/csvs/germany_ubn_1951-01-01_to_2024-08-30,,,,,,2023-01-01,2023-12-31,False,False,True,True,True,False,False,True,False,True,False,False,False,,,0.98,100_220_390_120_330_140_25,historic_runs,,BB_CType2_2023_100_25832_etrs89-utm32n.asc
116,True,fixed,auto,SM_sfix_hauto,sim.json,crop.json,site.json,False,dwd/csvs,dwd/csvs/germany_ubn_1951-01-01_to_2024-08-30,,,,,,2023-01-01,2023-12-31,False,False,True,True,True,False,False,True,False,False,False,False,False,,,0.98,100_220_390_120_330_140_25,historic_runs,,BB_CType2_2023_100_25832_etrs89-utm32n.asc
117,True,fixed,auto,SM_sfix_hauto,sim.json,crop.json,site.json,False,dwd/csvs,dwd/csvs/germany_ubn_1951-01-01_to_2024-08-30,,,,,,2009-01-01,2009-12-31,False,False,True,True,True,False,False,True,False,True,False,False,False,,,0.98,100_220_390_120_330_140_25,historic_runs,,LS_CType2_2009_100_25832_etrs89-utm32n.asc
118,True,fixed,auto,SM_sfix_hauto,sim.json,crop.json,site.json,False,dwd/csvs,dwd/csvs/germany_ubn_1951-01-01_to_2024-08-30,,,,,,2009-01-01,2009-12-31,False,False,True,True,True,False,False,True,False,False,False,False,False,,,0.98,100_220_390_120_330_140_25,historic_runs,,LS_CType2_2009_100_25832_etrs89-utm32n.asc
119,True,fixed,auto,SM_sfix_hauto,sim.json,crop.json,site.json,False,dwd/csvs,dwd/csvs/germany_ubn_1951-01-01_to_2024-08-30,,,,,,2010-01-01,2010-12-31,False,False,True,True,True,False,False,True,False,True,False,False,False,,,0.98,100_220_390_120_330_140_25,historic_runs,,LS_CType2_2010_100_25832_etrs89-utm32n.asc
120,True,fixed,auto,SM_sfix_hauto,sim.json,crop.json,site.json,False,dwd/csvs,dwd/csvs/germany_ubn_1951-01-01_to_2024-08-30,,,,,,2010-01-01,2010-12-31,False,False,True,True,True,False,False,True,False,False,False,False,False,,,0.98,100_220_390_120_330_140_25,historic_runs,,LS_CType2_2010_100_25832_etrs89-utm32n.asc
121,True,fixed,auto,SM_sfix_hauto,sim.json,crop.json,site.json,False,dwd/csvs,dwd/csvs/germany_ubn_1951-01-01_to_2024-08-30,,,,,,2011-01-01,2011-12-31,False,False,True,True,True,False,False,True,False,True,False,False,False,,,0.98,100_220_390_120_330_140_25,historic_runs,,LS_CType2_2011_100_25832_etrs89-utm32n.asc
122,True,fixed,auto,SM_sfix_hauto,sim.json,crop.json,site.json,False,dwd/csvs,dwd/csvs/germany_ubn_1951-01-01_to_2024-08-30,,,,,,2011-01-01,2011-12-31,False,False,True,True,True,False,False,True,False,False,False,False,False,,,0.98,100_220_390_120_330_140_25,historic_runs,,LS_CType2_2011_100_25832_etrs89-utm32n.asc
123,True,fixed,auto,SM_sfix_hauto,sim.json,crop.json,site.json,False,dwd/csvs,dwd/csvs/germany_ubn_1951-01-01_to_2024-08-30,,,,,,2012-01-01,2012-12-31,False,False,True,True,True,False,False,True,False,True,False,False,False,,,0.98,100_220_390_120_330_140_25,historic_runs,,LS_CType2_2012_100_25832_etrs89-utm32n.asc
124,True,fixed,auto,SM_sfix_hauto,sim.json,crop.json,site.json,False,dwd/csvs,dwd/csvs/germany_ubn_1951-01-01_to_2024-08-30,,,,,,2012-01-01,2012-12-31,False,False,True,True,True,False,False,True,False,False,False,False,False,,,0.98,100_220_390_120_330_140_25,historic_runs,,LS_CType2_2012_100_25832_etrs89-utm32n.asc
125,True,fixed,auto,SM_sfix_hauto,sim.json,crop.json,site.json,False,dwd/csvs,dwd/csvs/germany_ubn_1951-01-01_to_2024-08-30,,,,,,2013-01-01,2013-12-31,False,False,True,True,True,False,False,True,False,True,False,False,False,,,0.98,100_220_390_120_330_140_25,historic_runs,,LS_CType2_2013_100_25832_etrs89-utm32n.asc
126,True,fixed,auto,SM_sfix_hauto,sim.json,crop.json,site.json,False,dwd/csvs,dwd/csvs/germany_ubn_1951-01-01_to_2024-08-30,,,,,,2013-01-01,2013-12-31,False,False,True,True,True,False,False,True,False,False,False,False,False,,,0.98,100_220_390_120_330_140_25,historic_runs,,LS_CType2_2013_100_25832_etrs89-utm32n.asc
127,True,fixed,auto,SM_sfix_hauto,sim.json,crop.json,site.json,False,dwd/csvs,dwd/csvs/germany_ubn_1951-01-01_to_2024-08-30,,,,,,2014-01-01,2014-12-31,False,False,True,True,True,False,False,True,False,True,False,False,False,,,0.98,100_220_390_120_330_140_25,historic_runs,,LS_CType2_2014_100_25832_etrs89-utm32n.asc
128,True,fixed,auto,SM_sfix_hauto,sim.json,crop.json,site.json,False,dwd/csvs,dwd/csvs/germany_ubn_1951-01-01_to_2024-08-30,,,,,,2014-01-01,2014-12-31,False,False,True,True,True,False,False,True,False,False,False,False,False,,,0.98,100_220_390_120_330_140_25,historic_runs,,LS_CType2_2014_100_25832_etrs89-utm32n.asc
129,True,fixed,auto,SM_sfix_hauto,sim.json,crop.json,site.json,False,dwd/csvs,dwd/csvs/germany_ubn_1951-01-01_to_2024-08-30,,,,,,2015-01-01,2015-12-31,False,False,True,True,True,False,False,True,False,True,False,False,False,,,0.98,100_220_390_120_330_140_25,historic_runs,,LS_CType2_2015_100_25832_etrs89-utm32n.asc
130,True,fixed,auto,SM_sfix_hauto,sim.json,crop.json,site.json,False,dwd/csvs,dwd/csvs/germany_ubn_1951-01-01_to_2024-08-30,,,,,,2015-01-01,2015-12-31,False,False,True,True,True,False,False,True,False,False,False,False,False,,,0.98,100_220_390_120_330_140_25,historic_runs,,LS_CType2_2015_100_25832_etrs89-utm32n.asc
131,True,fixed,auto,SM_sfix_hauto,sim.json,crop.json,site.json,False,dwd/csvs,dwd/csvs/germany_ubn_1951-01-01_to_2024-08-30,,,,,,2016-01-01,2016-12-31,False,False,True,True,True,False,False,True,False,True,False,False,False,,,0.98,100_220_390_120_330_140_25,historic_runs,,LS_CType2_2016_100_25832_etrs89-utm32n.asc
132,True,fixed,auto,SM_sfix_hauto,sim.json,crop.json,site.json,False,dwd/csvs,dwd/csvs/germany_ubn_1951-01-01_to_2024-08-30,,,,,,2016-01-01,2016-12-31,False,False,True,True,True,False,False,True,False,False,False,False,False,,,0.98,100_220_390_120_330_140_25,historic_runs,,LS_CType2_2016_100_25832_etrs89-utm32n.asc
133,True,fixed,auto,SM_sfix_hauto,sim.json,crop.json,site.json,False,dwd/csvs,dwd/csvs/germany_ubn_1951-01-01_to_2024-08-30,,,,,,2017-01-01,2017-12-31,False,False,True,True,True,False,False,True,False,True,False,False,False,,,0.98,100_220_390_120_330_140_25,historic_runs,,LS_CType2_2017_100_25832_etrs89-utm32n.asc
134,True,fixed,auto,SM_sfix_hauto,sim.json,crop.json,site.json,False,dwd/csvs,dwd/csvs/germany_ubn_1951-01-01_to_2024-08-30,,,,,,2017-01-01,2017-12-31,False,False,True,True,True,False,False,True,False,False,False,False,False,,,0.98,100_220_390_120_330_140_25,historic_runs,,LS_CType2_2017_100_25832_etrs89-utm32n.asc
135,True,fixed,auto,SM_sfix_hauto,sim.json,crop.json,site.json,False,dwd/csvs,dwd/csvs/germany_ubn_1951-01-01_to_2024-08-30,,,,,,2018-01-01,2018-12-31,False,False,True,True,True,False,False,True,False,True,False,False,False,,,0.98,100_220_390_120_330_140_25,historic_runs,,LS_CType2_2018_100_25832_etrs89-utm32n.asc
136,True,fixed,auto,SM_sfix_hauto,sim.json,crop.json,site.json,False,dwd/csvs,dwd/csvs/germany_ubn_1951-01-01_to_2024-08-30,,,,,,2018-01-01,2018-12-31,False,False,True,True,True,False,False,True,False,False,False,False,False,,,0.98,100_220_390_120_330_140_25,historic_runs,,LS_CType2_2018_100_25832_etrs89-utm32n.asc
137,True,fixed,auto,SM_sfix_hauto,sim.json,crop.json,site.json,False,dwd/csvs,dwd/csvs/germany_ubn_1951-01-01_to_2024-08-30,,,,,,2019-01-01,2019-12-31,False,False,True,True,True,False,False,True,False,True,False,False,False,,,0.98,100_220_390_120_330_140_25,historic_runs,,LS_CType2_2019_100_25832_etrs89-utm32n.asc
138,True,fixed,auto,SM_sfix_hauto,sim.json,crop.json,site.json,False,dwd/csvs,dwd/csvs/germany_ubn_1951-01-01_to_2024-08-30,,,,,,2019-01-01,2019-12-31,False,False,True,True,True,False,False,True,False,False,False,False,False,,,0.98,100_220_390_120_330_140_25,historic_runs,,LS_CType2_2019_100_25832_etrs89-utm32n.asc
139,True,fixed,auto,SM_sfix_hauto,sim.json,crop.json,site.json,False,dwd/csvs,dwd/csvs/germany_ubn_1951-01-01_to_2024-08-30,,,,,,2020-01-01,2020-12-31,False,False,True,True,True,False,False,True,False,True,False,False,False,,,0.98,100_220_390_120_330_140_25,historic_runs,,LS_CType2_2020_100_25832_etrs89-utm32n.asc
140,True,fixed,auto,SM_sfix_hauto,sim.json,crop.json,site.json,False,dwd/csvs,dwd/csvs/germany_ubn_1951-01-01_to_2024-08-30,,,,,,2020-01-01,2020-12-31,False,False,True,True,True,False,False,True,False,False,False,False,False,,,0.98,100_220_390_120_330_140_25,historic_runs,,LS_CType2_2020_100_25832_etrs89-utm32n.asc
141,True,fixed,auto,WW_sfix_hauto,sim.json,crop.json,site.json,False,dwd/csvs,dwd/csvs/germany_ubn_1951-01-01_to_2024-08-30,,,,,,2008-01-01,2009-12-31,False,False,True,True,True,False,False,True,False,True,False,False,False,,,1.0,148_284_335_180_274_25,historic_runs,,LS_CType3_2009_100_25832_etrs89-utm32n.asc
142,True,fixed,auto,WW_sfix_hauto,sim.json,crop.json,site.json,False,dwd/csvs,dwd/csvs/germany_ubn_1951-01-01_to_2024-08-30,,,,,,2008-01-01,2009-12-31,False,False,True,True,True,False,False,True,False,False,False,False,False,,,1.0,148_284_335_180_274_25,historic_runs,,LS_CType3_2009_100_25832_etrs89-utm32n.asc
143,True,fixed,auto,WW_sfix_hauto,sim.json,crop.json,site.json,False,dwd/csvs,dwd/csvs/germany_ubn_1951-01-01_to_2024-08-30,,,,,,2009-01-01,2010-12-31,False,False,True,True,True,False,False,True,False,True,False,False,False,,,1.0,148_284_335_180_274_25,historic_runs,,LS_CType3_2010_100_25832_etrs89-utm32n.asc
144,True,fixed,auto,WW_sfix_hauto,sim.json,crop.json,site.json,False,dwd/csvs,dwd/csvs/germany_ubn_1951-01-01_to_2024-08-30,,,,,,2009-01-01,2010-12-31,False,False,True,True,True,False,False,True,False,False,False,False,False,,,1.0,148_284_335_180_274_25,historic_runs,,LS_CType3_2010_100_25832_etrs89-utm32n.asc
145,True,fixed,auto,WW_sfix_hauto,sim.json,crop.json,site.json,False,dwd/csvs,dwd/csvs/germany_ubn_1951-01-01_to_2024-08-30,,,,,,2010-01-01,2011-12-31,False,False,True,True,True,False,False,True,False,True,False,False,False,,,1.0,148_284_335_180_274_25,historic_runs,,LS_CType3_2011_100_25832_etrs89-utm32n.asc
146,True,fixed,auto,WW_sfix_hauto,sim.json,crop.json,site.json,False,dwd/csvs,dwd/csvs/germany_ubn_1951-01-01_to_2024-08-30,,,,,,2010-01-01,2011-12-31,False,False,True,True,True,False,False,True,False,False,False,False,False,,,1.0,148_284_335_180_274_25,historic_runs,,LS_CType3_2011_100_25832_etrs89-utm32n.asc
147,True,fixed,auto,WW_sfix_hauto,sim.json,crop.json,site.json,False,dwd/csvs,dwd/csvs/germany_ubn_1951-01-01_to_2024-08-30,,,,,,2011-01-01,2012-12-31,False,False,True,True,True,False,False,True,False,True,False,False,False,,,1.0,148_284_335_180_274_25,historic_runs,,LS_CType3_2012_100_25832_etrs89-utm32n.asc
148,True,fixed,auto,WW_sfix_hauto,sim.json,crop.json,site.json,False,dwd/csvs,dwd/csvs/germany_ubn_1951-01-01_to_2024-08-30,,,,,,2011-01-01,2012-12-31,False,False,True,True,True,False,False,True,False,False,False,False,False,,,1.0,148_284_335_180_274_25,historic_runs,,LS_CType3_2012_100_25832_etrs89-utm32n.asc
149,True,fixed,auto,WW_sfix_hauto,sim.json,crop.json,site.json,False,dwd/csvs,dwd/csvs/germany_ubn_1951-01-01_to_2024-08-30,,,,,,2012-01-01,2013-12-31,False,False,True,True,True,False,False,True,False,True,False,False,False,,,1.0,148_284_335_180_274_25,historic_runs,,LS_CType3_2013_100_25832_etrs89-utm32n.asc
150,True,fixed,auto,WW_sfix_hauto,sim.json,crop.json,site.json,False,dwd/csvs,dwd/csvs/germany_ubn_1951-01-01_to_2024-08-30,,,,,,2012-01-01,2013-12-31,False,False,True,True,True,False,False,True,False,False,False,False,False,,,1.0,148_284_335_180_274_25,historic_runs,,LS_CType3_2013_100_25832_etrs89-utm32n.asc
151,True,fixed,auto,WW_sfix_hauto,sim.json,crop.json,site.json,False,dwd/csvs,dwd/csvs/germany_ubn_1951-01-01_to_2024-08-30,,,,,,2013-01-01,2014-12-31,False,False,True,True,True,False,False,True,False,True,False,False,False,,,1.0,148_284_335_180_274_25,historic_runs,,LS_CType3_2014_100_25832_etrs89-utm32n.asc
152,True,fixed,auto,WW_sfix_hauto,sim.json,crop.json,site.json,False,dwd/csvs,dwd/csvs/germany_ubn_1951-01-01_to_2024-08-30,,,,,,2013-01-01,2014-12-31,False,False,True,True,True,False,False,True,False,False,False,False,False,,,1.0,148_284_335_180_274_25,historic_runs,,LS_CType3_2014_100_25832_etrs89-utm32n.asc
153,True,fixed,auto,WW_sfix_hauto,sim.json,crop.json,site.json,False,dwd/csvs,dwd/csvs/germany_ubn_1951-01-01_to_2024-08-30,,,,,,2014-01-01,2015-12-31,False,False,True,True,True,False,False,True,False,True,False,False,False,,,1.0,148_284_335_180_274_25,historic_runs,,LS_CType3_2015_100_25832_etrs89-utm32n.asc
154,True,fixed,auto,WW_sfix_hauto,sim.json,crop.json,site.json,False,dwd/csvs,dwd/csvs/germany_ubn_1951-01-01_to_2024-08-30,,,,,,2014-01-01,2015-12-31,False,False,True,True,True,False,False,True,False,False,False,False,False,,,1.0,148_284_335_180_274_25,historic_runs,,LS_CType3_2015_100_25832_etrs89-utm32n.asc
155,True,fixed,auto,WW_sfix_hauto,sim.json,crop.json,site.json,False,dwd/csvs,dwd/csvs/germany_ubn_1951-01-01_to_2024-08-30,,,,,,2015-01-01,2016-12-31,False,False,True,True,True,False,False,True,False,True,False,False,False,,,1.0,148_284_335_180_274_25,historic_runs,,LS_CType3_2016_100_25832_etrs89-utm32n.asc
156,True,fixed,auto,WW_sfix_hauto,sim.json,crop.json,site.json,False,dwd/csvs,dwd/csvs/germany_ubn_1951-01-01_to_2024-08-30,,,,,,2015-01-01,2016-12-31,False,False,True,True,True,False,False,True,False,False,False,False,False,,,1.0,148_284_335_180_274_25,historic_runs,,LS_CType3_2016_100_25832_etrs89-utm32n.asc
157,True,fixed,auto,WW_sfix_hauto,sim.json,crop.json,site.json,False,dwd/csvs,dwd/csvs/germany_ubn_1951-01-01_to_2024-08-30,,,,,,2016-01-01,2017-12-31,False,False,True,True,True,False,False,True,False,True,False,False,False,,,1.0,148_284_335_180_274_25,historic_runs,,LS_CType3_2017_100_25832_etrs89-utm32n.asc
158,True,fixed,auto,WW_sfix_hauto,sim.json,crop.json,site.json,False,dwd/csvs,dwd/csvs/germany_ubn_1951-01-01_to_2024-08-30,,,,,,2016-01-01,2017-12-31,False,False,True,True,True,False,False,True,False,False,False,False,False,,,1.0,148_284_335_180_274_25,historic_runs,,LS_CType3_2017_100_25832_etrs89-utm32n.asc
159,True,fixed,auto,WW_sfix_hauto,sim.json,crop.json,site.json,False,dwd/csvs,dwd/csvs/germany_ubn_1951-01-01_to_2024-08-30,,,,,,2017-01-01,2018-12-31,False,False,True,True,True,False,False,True,False,True,False,False,False,,,1.0,148_284_335_180_274_25,historic_runs,,LS_CType3_2018_100_25832_etrs89-utm32n.asc
160,True,fixed,auto,WW_sfix_hauto,sim.json,crop.json,site.json,False,dwd/csvs,dwd/csvs/germany_ubn_1951-01-01_to_2024-08-30,,,,,,2017-01-01,2018-12-31,False,False,True,True,True,False,False,True,False,False,False,False,False,,,1.0,148_284_335_180_274_25,historic_runs,,LS_CType3_2018_100_25832_etrs89-utm32n.asc
161,True,fixed,auto,WW_sfix_hauto,sim.json,crop.json,site.json,False,dwd/csvs,dwd/csvs/germany_ubn_1951-01-01_to_2024-08-30,,,,,,2018-01-01,2019-12-31,False,False,True,True,True,False,False,True,False,True,False,False,False,,,1.0,148_284_335_180_274_25,historic_runs,,LS_CType3_2019_100_25832_etrs89-utm32n.asc
162,True,fixed,auto,WW_sfix_hauto,sim.json,crop.json,site.json,False,dwd/csvs,dwd/csvs/germany_ubn_1951-01-01_to_2024-08-30,,,,,,2018-01-01,2019-12-31,False,False,True,True,True,False,False,True,False,False,False,False,False,,,1.0,148_284_335_180_274_25,historic_runs,,LS_CType3_2019_100_25832_etrs89-utm32n.asc
163,True,fixed,auto,WW_sfix_hauto,sim.json,crop.json,site.json,False,dwd/csvs,dwd/csvs/germany_ubn_1951-01-01_to_2024-08-30,,,,,,2019-01-01,2020-12-31,False,False,True,True,True,False,False,True,False,True,False,False,False,,,1.0,148_284_335_180_274_25,historic_runs,,LS_CType3_2020_100_25832_etrs89-utm32n.asc
164,True,fixed,auto,WW_sfix_hauto,sim.json,crop.json,site.json,False,dwd/csvs,dwd/csvs/germany_ubn_1951-01-01_to_2024-08-30,,,,,,2019-01-01,2020-12-31,False,False,True,True,True,False,False,True,False,False,False,False,False,,,1.0,148_284_335_180_274_25,historic_runs,,LS_CType3_2020_100_25832_etrs89-utm32n.asc
165,True,fixed,auto,SM_sfix_hauto,sim.json,crop.json,site.json,False,dwd/csvs,dwd/csvs/germany_ubn_1951-01-01_to_2024-08-30,,,,,,2017-01-01,2017-12-31,False,False,True,True,True,False,False,True,False,True,False,False,False,,,0.98,100_220_390_120_330_140_25,historic_runs,,NW_CType2_2017_100_25832_etrs89-utm32n.asc
166,True,fixed,auto,SM_sfix_hauto,sim.json,crop.json,site.json,False,dwd/csvs,dwd/csvs/germany_ubn_1951-01-01_to_2024-08-30,,,,,,2017-01-01,2017-12-31,False,False,True,True,True,False,False,True,False,False,False,False,False,,,0.98,100_220_390_120_330_140_25,historic_runs,,NW_CType2_2017_100_25832_etrs89-utm32n.asc
167,True,fixed,auto,SM_sfix_hauto,sim.json,crop.json,site.json,False,dwd/csvs,dwd/csvs/germany_ubn_1951-01-01_to_2024-08-30,,,,,,2018-01-01,2018-12-31,False,False,True,True,True,False,False,True,False,True,False,False,False,,,0.98,100_220_390_120_330_140_25,historic_runs,,NW_CType2_2018_100_25832_etrs89-utm32n.asc
168,True,fixed,auto,SM_sfix_hauto,sim.json,crop.json,site.json,False,dwd/csvs,dwd/csvs/germany_ubn_1951-01-01_to_2024-08-30,,,,,,2018-01-01,2018-12-31,False,False,True,True,True,False,False,True,False,False,False,False,False,,,0.98,100_220_390_120_330_140_25,historic_runs,,NW_CType2_2018_100_25832_etrs89-utm32n.asc
169,True,fixed,auto,WW_sfix_hauto,sim.json,crop.json,site.json,False,dwd/csvs,dwd/csvs/germany_ubn_1951-01-01_to_2024-08-30,,,,,,2016-01-01,2017-12-31,False,False,True,True,True,False,False,True,False,True,False,False,False,,,1.0,148_284_335_180_274_25,historic_runs,,NW_CType3_2017_100_25832_etrs89-utm32n.asc
170,True,fixed,auto,WW_sfix_hauto,sim.json,crop.json,site.json,False,dwd/csvs,dwd/csvs/germany_ubn_1951-01-01_to_2024-08-30,,,,,,2016-01-01,2017-12-31,False,False,True,True,True,False,False,True,False,False,False,False,False,,,1.0,148_284_335_180_274_25,historic_runs,,NW_CType3_2017_100_25832_etrs89-utm32n.asc
171,True,fixed,auto,WW_sfix_hauto,sim.json,crop.json,site.json,False,dwd/csvs,dwd/csvs/germany_ubn_1951-01-01_to_2024-08-30,,,,,,2017-01-01,2018-12-31,False,False,True,True,True,False,False,True,False,True,False,False,False,,,1.0,148_284_335_180_274_25,historic_runs,,NW_CType3_2018_100_25832_etrs89-utm32n.asc
172,True,fixed,auto,WW_sfix_hauto,sim.json,crop.json,site.json,False,dwd/csvs,dwd/csvs/germany_ubn_1951-01-01_to_2024-08-30,,,,,,2017-01-01,2018-12-31,False,False,True,True,True,False,False,True,False,False,False,False,False,,,1.0,148_284_335_180_274_25,historic_runs,,NW_CType3_2018_100_25832_etrs89-utm32n.asc
173,True,fixed,auto,SM_sfix_hauto,sim.json,crop.json,site.json,False,dwd/csvs,dwd/csvs/germany_ubn_1951-01-01_to_2024-08-30,,,,,,2017-01-01,2017-12-31,False,False,True,True,True,False,False,True,False,True,False,False,False,,,0.98,100_220_390_120_330_140_25,historic_runs,,SAX_CType2_2017_100_25832_etrs89-utm32n.asc
174,True,fixed,auto,SM_sfix_hauto,sim.json,crop.json,site.json,False,dwd/csvs,dwd/csvs/germany_ubn_1951-01-01_to_2024-08-30,,,,,,2017-01-01,2017-12-31,False,False,True,True,True,False,False,True,False,False,False,False,False,,,0.98,100_220_390_120_330_140_25,historic_runs,,SAX_CType2_2017_100_25832_etrs89-utm32n.asc
175,True,fixed,auto,SM_sfix_hauto,sim.json,crop.json,site.json,False,dwd/csvs,dwd/csvs/germany_ubn_1951-01-01_to_2024-08-30,,,,,,2018-01-01,2018-12-31,False,False,True,True,True,False,False,True,False,True,False,False,False,,,0.98,100_220_390_120_330_140_25,historic_runs,,SAX_CType2_2018_100_25832_etrs89-utm32n.asc
176,True,fixed,auto,SM_sfix_hauto,sim.json,crop.json,site.json,False,dwd/csvs,dwd/csvs/germany_ubn_1951-01-01_to_2024-08-30,,,,,,2018-01-01,2018-12-31,False,False,True,True,True,False,False,True,False,False,False,False,False,,,0.98,100_220_390_120_330_140_25,historic_runs,,SAX_CType2_2018_100_25832_etrs89-utm32n.asc
177,True,fixed,auto,SM_sfix_hauto,sim.json,crop.json,site.json,False,dwd/csvs,dwd/csvs/germany_ubn_1951-01-01_to_2024-08-30,,,,,,2019-01-01,2019-12-31,False,False,True,True,True,False,False,True,False,True,False,False,False,,,0.98,100_220_390_120_330_140_25,historic_runs,,SAX_CType2_2019_100_25832_etrs89-utm32n.asc
178,True,fixed,auto,SM_sfix_hauto,sim.json,crop.json,site.json,False,dwd/csvs,dwd/csvs/germany_ubn_1951-01-01_to_2024-08-30,,,,,,2019-01-01,2019-12-31,False,False,True,True,True,False,False,True,False,False,False,False,False,,,0.98,100_220_390_120_330_140_25,historic_runs,,SAX_CType2_2019_100_25832_etrs89-utm32n.asc
179,True,fixed,auto,SM_sfix_hauto,sim.json,crop.json,site.json,False,dwd/csvs,dwd/csvs/germany_ubn_1951-01-01_to_2024-08-30,,,,,,2020-01-01,2020-12-31,False,False,True,True,True,False,False,True,False,True,False,False,False,,,0.98,100_220_390_120_330_140_25,historic_runs,,SAX_CType2_2020_100_25832_etrs89-utm32n.asc
180,True,fixed,auto,SM_sfix_hauto,sim.json,crop.json,site.json,False,dwd/csvs,dwd/csvs/germany_ubn_1951-01-01_to_2024-08-30,,,,,,2020-01-01,2020-12-31,False,False,True,True,True,False,False,True,False,False,False,False,False,,,0.98,100_220_390_120_330_140_25,historic_runs,,SAX_CType2_2020_100_25832_etrs89-utm32n.asc
181,True,fixed,auto,SM_sfix_hauto,sim.json,crop.json,site.json,False,dwd/csvs,dwd/csvs/germany_ubn_1951-01-01_to_2024-08-30,,,,,,2021-01-01,2021-12-31,False,False,True,True,True,False,False,True,False,True,False,False,False,,,0.98,100_220_390_120_330_140_25,historic_runs,,SAX_CType2_2021_100_25832_etrs89-utm32n.asc
182,True,fixed,auto,SM_sfix_hauto,sim.json,crop.json,site.json,False,dwd/csvs,dwd/csvs/germany_ubn_1951-01-01_to_2024-08-30,,,,,,2021-01-01,2021-12-31,False,False,True,True,True,False,False,True,False,False,False,False,False,,,0.98,100_220_390_120_330_140_25,historic_runs,,SAX_CType2_2021_100_25832_etrs89-utm32n.asc
183,True,fixed,auto,SM_sfix_hauto,sim.json,crop.json,site.json,False,dwd/csvs,dwd/csvs/germany_ubn_1951-01-01_to_2024-08-30,,,,,,2022-01-01,2022-12-31,False,False,True,True,True,False,False,True,False,True,False,False,False,,,0.98,100_220_390_120_330_140_25,historic_runs,,SAX_CType2_2022_100_25832_etrs89-utm32n.asc
184,True,fixed,auto,SM_sfix_hauto,sim.json,crop.json,site.json,False,dwd/csvs,dwd/csvs/germany_ubn_1951-01-01_to_2024-08-30,,,,,,2022-01-01,2022-12-31,False,False,True,True,True,False,False,True,False,False,False,False,False,,,0.98,100_220_390_120_330_140_25,historic_runs,,SAX_CType2_2022_100_25832_etrs89-utm32n.asc
185,True,fixed,auto,SM_sfix_hauto,sim.json,crop.json,site.json,False,dwd/csvs,dwd/csvs/germany_ubn_1951-01-01_to_2024-08-30,,,,,,2023-01-01,2023-12-31,False,False,True,True,True,False,False,True,False,True,False,False,False,,,0.98,100_220_390_120_330_140_25,historic_runs,,SAX_CType2_2023_100_25832_etrs89-utm32n.asc
186,True,fixed,auto,SM_sfix_hauto,sim.json,crop.json,site.json,False,dwd/csvs,dwd/csvs/germany_ubn_1951-01-01_to_2024-08-30,,,,,,2023-01-01,2023-12-31,False,False,True,True,True,False,False,True,False,False,False,False,False,,,0.98,100_220_390_120_330_140_25,historic_runs,,SAX_CType2_2023_100_25832_etrs89-utm32n.asc
187,True,fixed,auto,WW_sfix_hauto,sim.json,crop.json,site.json,False,dwd/csvs,dwd/csvs/germany_ubn_1951-01-01_to_2024-08-30,,,,,,2016-01-01,2017-12-31,False,False,True,True,True,False,False,True,False,True,False,False,False,,,1.0,148_284_335_180_274_25,historic_runs,,SAX_CType3_2017_100_25832_etrs89-utm32n.asc
188,True,fixed,auto,WW_sfix_hauto,sim.json,crop.json,site.json,False,dwd/csvs,dwd/csvs/germany_ubn_1951-01-01_to_2024-08-30,,,,,,2016-01-01,2017-12-31,False,False,True,True,True,False,False,True,False,False,False,False,False,,,1.0,148_284_335_180_274_25,historic_runs,,SAX_CType3_2017_100_25832_etrs89-utm32n.asc
189,True,fixed,auto,WW_sfix_hauto,sim.json,crop.json,site.json,False,dwd/csvs,dwd/csvs/germany_ubn_1951-01-01_to_2024-08-30,,,,,,2017-01-01,2018-12-31,False,False,True,True,True,False,False,True,False,True,False,False,False,,,1.0,148_284_335_180_274_25,historic_runs,,SAX_CType3_2018_100_25832_etrs89-utm32n.asc
190,True,fixed,auto,WW_sfix_hauto,sim.json,crop.json,site.json,False,dwd/csvs,dwd/csvs/germany_ubn_1951-01-01_to_2024-08-30,,,,,,2017-01-01,2018-12-31,False,False,True,True,True,False,False,True,False,False,False,False,False,,,1.0,148_284_335_180_274_25,historic_runs,,SAX_CType3_2018_100_25832_etrs89-utm32n.asc
191,True,fixed,auto,WW_sfix_hauto,sim.json,crop.json,site.json,False,dwd/csvs,dwd/csvs/germany_ubn_1951-01-01_to_2024-08-30,,,,,,2018-01-01,2019-12-31,False,False,True,True,True,False,False,True,False,True,False,False,False,,,1.0,148_284_335_180_274_25,historic_runs,,SAX_CType3_2019_100_25832_etrs89-utm32n.asc
192,True,fixed,auto,WW_sfix_hauto,sim.json,crop.json,site.json,False,dwd/csvs,dwd/csvs/germany_ubn_1951-01-01_to_2024-08-30,,,,,,2018-01-01,2019-12-31,False,False,True,True,True,False,False,True,False,False,False,False,False,,,1.0,148_284_335_180_274_25,historic_runs,,SAX_CType3_2019_100_25832_etrs89-utm32n.asc
193,True,fixed,auto,WW_sfix_hauto,sim.json,crop.json,site.json,False,dwd/csvs,dwd/csvs/germany_ubn_1951-01-01_to_2024-08-30,,,,,,2019-01-01,2020-12-31,False,False,True,True,True,False,False,True,False,True,False,False,False,,,1.0,148_284_335_180_274_25,historic_runs,,SAX_CType3_2020_100_25832_etrs89-utm32n.asc
194,True,fixed,auto,WW_sfix_hauto,sim.json,crop.json,site.json,False,dwd/csvs,dwd/csvs/germany_ubn_1951-01-01_to_2024-08-30,,,,,,2019-01-01,2020-12-31,False,False,True,True,True,False,False,True,False,False,False,False,False,,,1.0,148_284_335_180_274_25,historic_runs,,SAX_CType3_2020_100_25832_etrs89-utm32n.asc
195,True,fixed,auto,WW_sfix_hauto,sim.json,crop.json,site.json,False,dwd/csvs,dwd/csvs/germany_ubn_1951-01-01_to_2024-08-30,,,,,,2020-01-01,2021-12-31,False,False,True,True,True,False,False,True,False,True,False,False,False,,,1.0,148_284_335_180_274_25,historic_runs,,SAX_CType3_2021_100_25832_etrs89-utm32n.asc
196,True,fixed,auto,WW_sfix_hauto,sim.json,crop.json,site.json,False,dwd/csvs,dwd/csvs/germany_ubn_1951-01-01_to_2024-08-30,,,,,,2020-01-01,2021-12-31,False,False,True,True,True,False,False,True,False,False,False,False,False,,,1.0,148_284_335_180_274_25,historic_runs,,SAX_CType3_2021_100_25832_etrs89-utm32n.asc
197,True,fixed,auto,WW_sfix_hauto,sim.json,crop.json,site.json,False,dwd/csvs,dwd/csvs/germany_ubn_1951-01-01_to_2024-08-30,,,,,,2021-01-01,2022-12-31,False,False,True,True,True,False,False,True,False,True,False,False,False,,,1.0,148_284_335_180_274_25,historic_runs,,SAX_CType3_2022_100_25832_etrs89-utm32n.asc
198,True,fixed,auto,WW_sfix_hauto,sim.json,crop.json,site.json,False,dwd/csvs,dwd/csvs/germany_ubn_1951-01-01_to_2024-08-30,,,,,,2021-01-01,2022-12-31,False,False,True,True,True,False,False,True,False,False,False,False,False,,,1.0,148_284_335_180_274_25,historic_runs,,SAX_CType3_2022_100_25832_etrs89-utm32n.asc
199,True,fixed,auto,WW_sfix_hauto,sim.json,crop.json,site.json,False,dwd/csvs,dwd/csvs/germany_ubn_1951-01-01_to_2024-08-30,,,,,,2022-01-01,2023-12-31,False,False,True,True,True,False,False,True,False,True,False,False,False,,,1.0,148_284_335_180_274_25,historic_runs,,SAX_CType3_2023_100_25832_etrs89-utm32n.asc
200,True,fixed,auto,WW_sfix_hauto,sim.json,crop.json,site.json,False,dwd/csvs,dwd/csvs/germany_ubn_1951-01-01_to_2024-08-30,,,,,,2022-01-01,2023-12-31,False,False,True,True,True,False,False,True,False,False,False,False,False,,,1.0,148_284_335_180_274_25,historic_runs,,SAX_CType3_2023_100_25832_etrs89-utm32n.asc
201,True,fixed,auto,SM_sfix_hauto,sim.json,crop.json,site.json,False,dwd/csvs,dwd/csvs/germany_ubn_1951-01-01_to_2024-08-30,,,,,,2017-01-01,2017-12-31,False,False,True,True,True,False,False,True,False,True,False,False,False,,,0.98,100_220_390_120_330_140_25,historic_runs,,HE_CType2_2017_100_25832_etrs89-utm32n.asc
202,True,fixed,auto,SM_sfix_hauto,sim.json,crop.json,site.json,False,dwd/csvs,dwd/csvs/germany_ubn_1951-01-01_to_2024-08-30,,,,,,2017-01-01,2017-12-31,False,False,True,True,True,False,False,True,False,False,False,False,False,,,0.98,100_220_390_120_330_140_25,historic_runs,,HE_CType2_2017_100_25832_etrs89-utm32n.asc
203,True,fixed,auto,SM_sfix_hauto,sim.json,crop.json,site.json,False,dwd/csvs,dwd/csvs/germany_ubn_1951-01-01_to_2024-08-30,,,,,,2018-01-01,2018-12-31,False,False,True,True,True,False,False,True,False,True,False,False,False,,,0.98,100_220_390_120_330_140_25,historic_runs,,HE_CType2_2018_100_25832_etrs89-utm32n.asc
204,True,fixed,auto,SM_sfix_hauto,sim.json,crop.json,site.json,False,dwd/csvs,dwd/csvs/germany_ubn_1951-01-01_to_2024-08-30,,,,,,2018-01-01,2018-12-31,False,False,True,True,True,False,False,True,False,False,False,False,False,,,0.98,100_220_390_120_330_140_25,historic_runs,,HE_CType2_2018_100_25832_etrs89-utm32n.asc
205,True,fixed,auto,SM_sfix_hauto,sim.json,crop.json,site.json,False,dwd/csvs,dwd/csvs/germany_ubn_1951-01-01_to_2024-08-30,,,,,,2019-01-01,2019-12-31,False,False,True,True,True,False,False,True,False,True,False,False,False,,,0.98,100_220_390_120_330_140_25,historic_runs,,HE_CType2_2019_100_25832_etrs89-utm32n.asc
206,True,fixed,auto,SM_sfix_hauto,sim.json,crop.json,site.json,False,dwd/csvs,dwd/csvs/germany_ubn_1951-01-01_to_2024-08-30,,,,,,2019-01-01,2019-12-31,False,False,True,True,True,False,False,True,False,False,False,False,False,,,0.98,100_220_390_120_330_140_25,historic_runs,,HE_CType2_2019_100_25832_etrs89-utm32n.asc
207,True,fixed,auto,SM_sfix_hauto,sim.json,crop.json,site.json,False,dwd/csvs,dwd/csvs/germany_ubn_1951-01-01_to_2024-08-30,,,,,,2020-01-01,2020-12-31,False,False,True,True,True,False,False,True,False,True,False,False,False,,,0.98,100_220_390_120_330_140_25,historic_runs,,HE_CType2_2020_100_25832_etrs89-utm32n.asc
208,True,fixed,auto,SM_sfix_hauto,sim.json,crop.json,site.json,False,dwd/csvs,dwd/csvs/germany_ubn_1951-01-01_to_2024-08-30,,,,,,2020-01-01,2020-12-31,False,False,True,True,True,False,False,True,False,False,False,False,False,,,0.98,100_220_390_120_330_140_25,historic_runs,,HE_CType2_2020_100_25832_etrs89-utm32n.asc
209,True,fixed,auto,SM_sfix_hauto,sim.json,crop.json,site.json,False,dwd/csvs,dwd/csvs/germany_ubn_1951-01-01_to_2024-08-30,,,,,,2021-01-01,2021-12-31,False,False,True,True,True,False,False,True,False,True,False,False,False,,,0.98,100_220_390_120_330_140_25,historic_runs,,HE_CType2_2021_100_25832_etrs89-utm32n.asc
210,True,fixed,auto,SM_sfix_hauto,sim.json,crop.json,site.json,False,dwd/csvs,dwd/csvs/germany_ubn_1951-01-01_to_2024-08-30,,,,,,2021-01-01,2021-12-31,False,False,True,True,True,False,False,True,False,False,False,False,False,,,0.98,100_220_390_120_330_140_25,historic_runs,,HE_CType2_2021_100_25832_etrs89-utm32n.asc
211,True,fixed,auto,SM_sfix_hauto,sim.json,crop.json,site.json,False,dwd/csvs,dwd/csvs/germany_ubn_1951-01-01_to_2024-08-30,,,,,,2022-01-01,2022-12-31,False,False,True,True,True,False,False,True,False,True,False,False,False,,,0.98,100_220_390_120_330_140_25,historic_runs,,HE_CType2_2022_100_25832_etrs89-utm32n.asc
212,True,fixed,auto,SM_sfix_hauto,sim.json,crop.json,site.json,False,dwd/csvs,dwd/csvs/germany_ubn_1951-01-01_to_2024-08-30,,,,,,2022-01-01,2022-12-31,False,False,True,True,True,False,False,True,False,False,False,False,False,,,0.98,100_220_390_120_330_140_25,historic_runs,,HE_CType2_2022_100_25832_etrs89-utm32n.asc
213,True,fixed,auto,SM_sfix_hauto,sim.json,crop.json,site.json,False,dwd/csvs,dwd/csvs/germany_ubn_1951-01-01_to_2024-08-30,,,,,,2023-01-01,2023-12-31,False,False,True,True,True,False,False,True,False,True,False,False,False,,,0.98,100_220_390_120_330_140_25,historic_runs,,HE_CType2_2023_100_25832_etrs89-utm32n.asc
214,True,fixed,auto,SM_sfix_hauto,sim.json,crop.json,site.json,False,dwd/csvs,dwd/csvs/germany_ubn_1951-01-01_to_2024-08-30,,,,,,2023-01-01,2023-12-31,False,False,True,True,True,False,False,True,False,False,False,False,False,,,0.98,100_220_390_120_330_140_25,historic_runs,,HE_CType2_2023_100_25832_etrs89-utm32n.asc
215,True,fixed,auto,WW_sfix_hauto,sim.json,crop.json,site.json,False,dwd/csvs,dwd/csvs/germany_ubn_1951-01-01_to_2024-08-30,,,,,,2016-01-01,2017-12-31,False,False,True,True,True,False,False,True,False,True,False,False,False,,,1.0,148_284_335_180_274_25,historic_runs,,HE_CType3_2017_100_25832_etrs89-utm32n.asc
216,True,fixed,auto,WW_sfix_hauto,sim.json,crop.json,site.json,False,dwd/csvs,dwd/csvs/germany_ubn_1951-01-01_to_2024-08-30,,,,,,2016-01-01,2017-12-31,False,False,True,True,True,False,False,True,False,False,False,False,False,,,1.0,148_284_335_180_274_25,historic_runs,,HE_CType3_2017_100_25832_etrs89-utm32n.asc
217,True,fixed,auto,WW_sfix_hauto,sim.json,crop.json,site.json,False,dwd/csvs,dwd/csvs/germany_ubn_1951-01-01_to_2024-08-30,,,,,,2017-01-01,2018-12-31,False,False,True,True,True,False,False,True,False,True,False,False,False,,,1.0,148_284_335_180_274_25,historic_runs,,HE_CType3_2018_100_25832_etrs89-utm32n.asc
218,True,fixed,auto,WW_sfix_hauto,sim.json,crop.json,site.json,False,dwd/csvs,dwd/csvs/germany_ubn_1951-01-01_to_2024-08-30,,,,,,2017-01-01,2018-12-31,False,False,True,True,True,False,False,True,False,False,False,False,False,,,1.0,148_284_335_180_274_25,historic_runs,,HE_CType3_2018_100_25832_etrs89-utm32n.asc
219,True,fixed,auto,WW_sfix_hauto,sim.json,crop.json,site.json,False,dwd/csvs,dwd/csvs/germany_ubn_1951-01-01_to_2024-08-30,,,,,,2018-01-01,2019-12-31,False,False,True,True,True,False,False,True,False,True,False,False,False,,,1.0,148_284_335_180_274_25,historic_runs,,HE_CType3_2019_100_25832_etrs89-utm32n.asc
220,True,fixed,auto,WW_sfix_hauto,sim.json,crop.json,site.json,False,dwd/csvs,dwd/csvs/germany_ubn_1951-01-01_to_2024-08-30,,,,,,2018-01-01,2019-12-31,False,False,True,True,True,False,False,True,False,False,False,False,False,,,1.0,148_284_335_180_274_25,historic_runs,,HE_CType3_2019_100_25832_etrs89-utm32n.asc
221,True,fixed,auto,WW_sfix_hauto,sim.json,crop.json,site.json,False,dwd/csvs,dwd/csvs/germany_ubn_1951-01-01_to_2024-08-30,,,,,,2019-01-01,2020-12-31,False,False,True,True,True,False,False,True,False,True,False,False,False,,,1.0,148_284_335_180_274_25,historic_runs,,HE_CType3_2020_100_25832_etrs89-utm32n.asc
222,True,fixed,auto,WW_sfix_hauto,sim.json,crop.json,site.json,False,dwd/csvs,dwd/csvs/germany_ubn_1951-01-01_to_2024-08-30,,,,,,2019-01-01,2020-12-31,False,False,True,True,True,False,False,True,False,False,False,False,False,,,1.0,148_284_335_180_274_25,historic_runs,,HE_CType3_2020_100_25832_etrs89-utm32n.asc
223,True,fixed,auto,WW_sfix_hauto,sim.json,crop.json,site.json,False,dwd/csvs,dwd/csvs/germany_ubn_1951-01-01_to_2024-08-30,,,,,,2020-01-01,2021-12-31,False,False,True,True,True,False,False,True,False,True,False,False,False,,,1.0,148_284_335_180_274_25,historic_runs,,HE_CType3_2021_100_25832_etrs89-utm32n.asc
224,True,fixed,auto,WW_sfix_hauto,sim.json,crop.json,site.json,False,dwd/csvs,dwd/csvs/germany_ubn_1951-01-01_to_2024-08-30,,,,,,2020-01-01,2021-12-31,False,False,True,True,True,False,False,True,False,False,False,False,False,,,1.0,148_284_335_180_274_25,historic_runs,,HE_CType3_2021_100_25832_etrs89-utm32n.asc
225,True,fixed,auto,WW_sfix_hauto,sim.json,crop.json,site.json,False,dwd/csvs,dwd/csvs/germany_ubn_1951-01-01_to_2024-08-30,,,,,,2021-01-01,2022-12-31,False,False,True,True,True,False,False,True,False,True,False,False,False,,,1.0,148_284_335_180_274_25,historic_runs,,HE_CType3_2022_100_25832_etrs89-utm32n.asc
226,True,fixed,auto,WW_sfix_hauto,sim.json,crop.json,site.json,False,dwd/csvs,dwd/csvs/germany_ubn_1951-01-01_to_2024-08-30,,,,,,2021-01-01,2022-12-31,False,False,True,True,True,False,False,True,False,False,False,False,False,,,1.0,148_284_335_180_274_25,historic_runs,,HE_CType3_2022_100_25832_etrs89-utm32n.asc
227,True,fixed,auto,WW_sfix_hauto,sim.json,crop.json,site.json,False,dwd/csvs,dwd/csvs/germany_ubn_1951-01-01_to_2024-08-30,,,,,,2022-01-01,2023-12-31,False,False,True,True,True,False,False,True,False,True,False,False,False,,,1.0,148_284_335_180_274_25,historic_runs,,HE_CType3_2023_100_25832_etrs89-utm32n.asc
228,True,fixed,auto,WW_sfix_hauto,sim.json,crop.json,site.json,False,dwd/csvs,dwd/csvs/germany_ubn_1951-01-01_to_2024-08-30,,,,,,2022-01-01,2023-12-31,False,False,True,True,True,False,False,True,False,False,False,False,False,,,1.0,148_284_335_180_274_25,historic_runs,,HE_CType3_2023_100_25832_etrs89-utm32n.asc
229,True,fixed,auto,SM_sfix_hauto,sim.json,crop.json,site.json,False,dwd/csvs,dwd/csvs/germany_ubn_1951-01-01_to_2024-08-30,,,,,,2017-01-01,2017-12-31,False,False,True,True,True,False,False,True,False,True,False,False,False,,,0.98,100_220_390_120_330_140_25,historic_runs,,BAV_CType2_2017_100_25832_etrs89-utm32n.asc
230,True,fixed,auto,SM_sfix_hauto,sim.json,crop.json,site.json,False,dwd/csvs,dwd/csvs/germany_ubn_1951-01-01_to_2024-08-30,,,,,,2017-01-01,2017-12-31,False,False,True,True,True,False,False,True,False,False,False,False,False,,,0.98,100_220_390_120_330_140_25,historic_runs,,BAV_CType2_2017_100_25832_etrs89-utm32n.asc
231,True,fixed,auto,SM_sfix_hauto,sim.json,crop.json,site.json,False,dwd/csvs,dwd/csvs/germany_ubn_1951-01-01_to_2024-08-30,,,,,,2018-01-01,2018-12-31,False,False,True,True,True,False,False,True,False,True,False,False,False,,,0.98,100_220_390_120_330_140_25,historic_runs,,BAV_CType2_2018_100_25832_etrs89-utm32n.asc
232,True,fixed,auto,SM_sfix_hauto,sim.json,crop.json,site.json,False,dwd/csvs,dwd/csvs/germany_ubn_1951-01-01_to_2024-08-30,,,,,,2018-01-01,2018-12-31,False,False,True,True,True,False,False,True,False,False,False,False,False,,,0.98,100_220_390_120_330_140_25,historic_runs,,BAV_CType2_2018_100_25832_etrs89-utm32n.asc
233,True,fixed,auto,SM_sfix_hauto,sim.json,crop.json,site.json,False,dwd/csvs,dwd/csvs/germany_ubn_1951-01-01_to_2024-08-30,,,,,,2019-01-01,2019-12-31,False,False,True,True,True,False,False,True,False,True,False,False,False,,,0.98,100_220_390_120_330_140_25,historic_runs,,BAV_CType2_2019_100_25832_etrs89-utm32n.asc
234,True,fixed,auto,SM_sfix_hauto,sim.json,crop.json,site.json,False,dwd/csvs,dwd/csvs/germany_ubn_1951-01-01_to_2024-08-30,,,,,,2019-01-01,2019-12-31,False,False,True,True,True,False,False,True,False,False,False,False,False,,,0.98,100_220_390_120_330_140_25,historic_runs,,BAV_CType2_2019_100_25832_etrs89-utm32n.asc
235,True,fixed,auto,SM_sfix_hauto,sim.json,crop.json,site.json,False,dwd/csvs,dwd/csvs/germany_ubn_1951-01-01_to_2024-08-30,,,,,,2020-01-01,2020-12-31,False,False,True,True,True,False,False,True,False,True,False,False,False,,,0.98,100_220_390_120_330_140_25,historic_runs,,BAV_CType2_2020_100_25832_etrs89-utm32n.asc
236,True,fixed,auto,SM_sfix_hauto,sim.json,crop.json,site.json,False,dwd/csvs,dwd/csvs/germany_ubn_1951-01-01_to_2024-08-30,,,,,,2020-01-01,2020-12-31,False,False,True,True,True,False,False,True,False,False,False,False,False,,,0.98,100_220_390_120_330_140_25,historic_runs,,BAV_CType2_2020_100_25832_etrs89-utm32n.asc
237,True,fixed,auto,SM_sfix_hauto,sim.json,crop.json,site.json,False,dwd/csvs,dwd/csvs/germany_ubn_1951-01-01_to_2024-08-30,,,,,,2021-01-01,2021-12-31,False,False,True,True,True,False,False,True,False,True,False,False,False,,,0.98,100_220_390_120_330_140_25,historic_runs,,BAV_CType2_2021_100_25832_etrs89-utm32n.asc
238,True,fixed,auto,SM_sfix_hauto,sim.json,crop.json,site.json,False,dwd/csvs,dwd/csvs/germany_ubn_1951-01-01_to_2024-08-30,,,,,,2021-01-01,2021-12-31,False,False,True,True,True,False,False,True,False,False,False,False,False,,,0.98,100_220_390_120_330_140_25,historic_runs,,BAV_CType2_2021_100_25832_etrs89-utm32n.asc
239,True,fixed,auto,SM_sfix_hauto,sim.json,crop.json,site.json,False,dwd/csvs,dwd/csvs/germany_ubn_1951-01-01_to_2024-08-30,,,,,,2022-01-01,2022-12-31,False,False,True,True,True,False,False,True,False,True,False,False,False,,,0.98,100_220_390_120_330_140_25,historic_runs,,BAV_CType2_2022_100_25832_etrs89-utm32n.asc
240,True,fixed,auto,SM_sfix_hauto,sim.json,crop.json,site.json,False,dwd/csvs,dwd/csvs/germany_ubn_1951-01-01_to_2024-08-30,,,,,,2022-01-01,2022-12-31,False,False,True,True,True,False,False,True,False,False,False,False,False,,,0.98,100_220_390_120_330_140_25,historic_runs,,BAV_CType2_2022_100_25832_etrs89-utm32n.asc
241,True,fixed,auto,SM_sfix_hauto,sim.json,crop.json,site.json,False,dwd/csvs,dwd/csvs/germany_ubn_1951-01-01_to_2024-08-30,,,,,,2023-01-01,2023-12-31,False,False,True,True,True,False,False,True,False,True,False,False,False,,,0.98,100_220_390_120_330_140_25,historic_runs,,BAV_CType2_2023_100_25832_etrs89-utm32n.asc
242,True,fixed,auto,SM_sfix_hauto,sim.json,crop.json,site.json,False,dwd/csvs,dwd/csvs/germany_ubn_1951-01-01_to_2024-08-30,,,,,,2023-01-01,2023-12-31,False,False,True,True,True,False,False,True,False,False,False,False,False,,,0.98,100_220_390_120_330_140_25,historic_runs,,BAV_CType2_2023_100_25832_etrs89-utm32n.asc
243,True,fixed,auto,WW_sfix_hauto,sim.json,crop.json,site.json,False,dwd/csvs,dwd/csvs/germany_ubn_1951-01-01_to_2024-08-30,,,,,,2016-01-01,2017-12-31,False,False,True,True,True,False,False,True,False,True,False,False,False,,,1.0,148_284_335_180_274_25,historic_runs,,BAV_CType3_2017_100_25832_etrs89-utm32n.asc
244,True,fixed,auto,WW_sfix_hauto,sim.json,crop.json,site.json,False,dwd/csvs,dwd/csvs/germany_ubn_1951-01-01_to_2024-08-30,,,,,,2016-01-01,2017-12-31,False,False,True,True,True,False,False,True,False,False,False,False,False,,,1.0,148_284_335_180_274_25,historic_runs,,BAV_CType3_2017_100_25832_etrs89-utm32n.asc
245,True,fixed,auto,WW_sfix_hauto,sim.json,crop.json,site.json,False,dwd/csvs,dwd/csvs/germany_ubn_1951-01-01_to_2024-08-30,,,,,,2017-01-01,2018-12-31,False,False,True,True,True,False,False,True,False,True,False,False,False,,,1.0,148_284_335_180_274_25,historic_runs,,BAV_CType3_2018_100_25832_etrs89-utm32n.asc
246,True,fixed,auto,WW_sfix_hauto,sim.json,crop.json,site.json,False,dwd/csvs,dwd/csvs/germany_ubn_1951-01-01_to_2024-08-30,,,,,,2017-01-01,2018-12-31,False,False,True,True,True,False,False,True,False,False,False,False,False,,,1.0,148_284_335_180_274_25,historic_runs,,BAV_CType3_2018_100_25832_etrs89-utm32n.asc
247,True,fixed,auto,WW_sfix_hauto,sim.json,crop.json,site.json,False,dwd/csvs,dwd/csvs/germany_ubn_1951-01-01_to_2024-08-30,,,,,,2018-01-01,2019-12-31,False,False,True,True,True,False,False,True,False,True,False,False,False,,,1.0,148_284_335_180_274_25,historic_runs,,BAV_CType3_2019_100_25832_etrs89-utm32n.asc
248,True,fixed,auto,WW_sfix_hauto,sim.json,crop.json,site.json,False,dwd/csvs,dwd/csvs/germany_ubn_1951-01-01_to_2024-08-30,,,,,,2018-01-01,2019-12-31,False,False,True,True,True,False,False,True,False,False,False,False,False,,,1.0,148_284_335_180_274_25,historic_runs,,BAV_CType3_2019_100_25832_etrs89-utm32n.asc
249,True,fixed,auto,WW_sfix_hauto,sim.json,crop.json,site.json,False,dwd/csvs,dwd/csvs/germany_ubn_1951-01-01_to_2024-08-30,,,,,,2019-01-01,2020-12-31,False,False,True,True,True,False,False,True,False,True,False,False,False,,,1.0,148_284_335_180_274_25,historic_runs,,BAV_CType3_2020_100_25832_etrs89-utm32n.asc
250,True,fixed,auto,WW_sfix_hauto,sim.json,crop.json,site.json,False,dwd/csvs,dwd/csvs/germany_ubn_1951-01-01_to_2024-08-30,,,,,,2019-01-01,2020-12-31,False,False,True,True,True,False,False,True,False,False,False,False,False,,,1.0,148_284_335_180_274_25,historic_runs,,BAV_CType3_2020_100_25832_etrs89-utm32n.asc
251,True,fixed,auto,WW_sfix_hauto,sim.json,crop.json,site.json,False,dwd/csvs,dwd/csvs/germany_ubn_1951-01-01_to_2024-08-30,,,,,,2020-01-01,2021-12-31,False,False,True,True,True,False,False,True,False,True,False,False,False,,,1.0,148_284_335_180_274_25,historic_runs,,BAV_CType3_2021_100_25832_etrs89-utm32n.asc
252,True,fixed,auto,WW_sfix_hauto,sim.json,crop.json,site.json,False,dwd/csvs,dwd/csvs/germany_ubn_1951-01-01_to_2024-08-30,,,,,,2020-01-01,2021-12-31,False,False,True,True,True,False,False,True,False,False,False,False,False,,,1.0,148_284_335_180_274_25,historic_runs,,BAV_CType3_2021_100_25832_etrs89-utm32n.asc
253,True,fixed,auto,WW_sfix_hauto,sim.json,crop.json,site.json,False,dwd/csvs,dwd/csvs/germany_ubn_1951-01-01_to_2024-08-30,,,,,,2021-01-01,2022-12-31,False,False,True,True,True,False,False,True,False,True,False,False,False,,,1.0,148_284_335_180_274_25,historic_runs,,BAV_CType3_2022_100_25832_etrs89-utm32n.asc
254,True,fixed,auto,WW_sfix_hauto,sim.json,crop.json,site.json,False,dwd/csvs,dwd/csvs/germany_ubn_1951-01-01_to_2024-08-30,,,,,,2021-01-01,2022-12-31,False,False,True,True,True,False,False,True,False,False,False,False,False,,,1.0,148_284_335_180_274_25,historic_runs,,BAV_CType3_2022_100_25832_etrs89-utm32n.asc
255,True,fixed,auto,WW_sfix_hauto,sim.json,crop.json,site.json,False,dwd/csvs,dwd/csvs/germany_ubn_1951-01-01_to_2024-08-30,,,,,,2022-01-01,2023-12-31,False,False,True,True,True,False,False,True,False,True,False,False,False,,,1.0,148_284_335_180_274_25,historic_runs,,BAV_CType3_2023_100_25832_etrs89-utm32n.asc
256,True,fixed,auto,WW_sfix_hauto,sim.json,crop.json,site.json,False,dwd/csvs,dwd/csvs/germany_ubn_1951-01-01_to_2024-08-30,,,,,,2022-01-01,2023-12-31,False,False,True,True,True,False,False,True,False,False,False,False,False,,,1.0,148_284_335_180_274_25,historic_runs,,BAV_CType3_2023_100_25832_etrs89-utm32n.asc