run-id,use_vernalisation_fix,sowing-date,harvest-date,crop-id,sim.json,crop.json,site.json,incl_hist,climate_path_to_latlon_file,climate_path_to_csvs,gcm,rcm,scenario,ensmem,version,start_date,end_date,groundwater-level,impenetrable-layer,elevation,slope,latitude,landcover,fertilization,NitrogenResponseOn,irrigation,WaterDeficitResponseOn,EmergenceMoistureControlOn,EmergenceFloodingControlOn,LeafExtensionModifier,CO2,O3,FieldConditionModifier,StageTemperatureSum,comment,region_name,crop_data,species_param_name,cultivar_param_name,param_value,param_index_in_array,coeff
1,True,fixed,auto,SM_sfix_hauto,sim_sensitivity.json,crop2.json,site.json,False,dwd/csvs,dwd/csvs/germany_ubn_1951-01-01_to_2024-08-30,,,,,,2017-01-01,2017-12-31,False,False,True,True,True,False,False,True,False,True,False,False,False,,,0.98,,historic_runs,,SAX_CType2_2017_100_25832_etrs89-utm32n.asc,,DroughtStressThreshold,0.56,1,
2,True,fixed,auto,SM_sfix_hauto,sim_sensitivity.json,crop2.json,site.json,False,dwd/csvs,dwd/csvs/germany_ubn_1951-01-01_to_2024-08-30,,,,,,2017-01-01,2017-12-31,False,False,True,True,True,False,False,True,False,True,False,False,False,,,0.98,,historic_runs,,SAX_CType2_2017_100_25832_etrs89-utm32n.asc,,DroughtStressThreshold,0.56,2,
3,True,fixed,auto,SM_sfix_hauto,sim_sensitivity.json,crop2.json,site.json,False,dwd/csvs,dwd/csvs/germany_ubn_1951-01-01_to_2024-08-30,,,,,,2017-01-01,2017-12-31,False,False,True,True,True,False,False,True,False,True,False,False,False,,,0.98,,historic_runs,,SAX_CType2_2017_100_25832_etrs89-utm32n.asc,,DroughtStressThreshold,0.56,3,
4,True,fixed,auto,SM_sfix_hauto,sim_sensitivity.json,crop2.json,site.json,False,dwd/csvs,dwd/csvs/germany_ubn_1951-01-01_to_2024-08-30,,,,,,2017-01-01,2017-12-31,False,False,True,True,True,False,False,True,False,True,False,False,False,,,0.98,,historic_runs,,SAX_CType2_2017_100_25832_etrs89-utm32n.asc,,DroughtStressThreshold,0.56,4,
5,True,fixed,auto,SM_sfix_hauto,sim_sensitivity.json,crop2.json,site.json,False,dwd/csvs,dwd/csvs/germany_ubn_1951-01-01_to_2024-08-30,,,,,,2017-01-01,2017-12-31,False,False,True,True,True,False,False,True,False,True,False,False,False,,,0.98,,historic_runs,,SAX_CType2_2017_100_25832_etrs89-utm32n.asc,,DroughtStressThreshold,0.56,5,
6,True,fixed,auto,SM_sfix_hauto,sim_sensitivity.json,crop2.json,site.json,False,dwd/csvs,dwd/csvs/germany_ubn_1951-01-01_to_2024-08-30,,,,,,2017-01-01,2017-12-31,False,False,True,True,True,False,False,True,False,True,False,False,False,,,0.98,,historic_runs,,SAX_CType2_2017_100_25832_etrs89-utm32n.asc,,DroughtStressThreshold,0.56,6,
7,True,fixed,auto,SM_sfix_hauto,sim_sensitivity.json,crop2.json,site.json,False,dwd/csvs,dwd/csvs/germany_ubn_1951-01-01_to_2024-08-30,,,,,,2018-01-01,2018-12-31,False,False,True,True,True,False,False,True,False,True,False,False,False,,,0.98,,historic_runs,,SAX_CType2_2018_100_25832_etrs89-utm32n.asc,,DroughtStressThreshold,0.56,1,
8,True,fixed,auto,SM_sfix_hauto,sim_sensitivity.json,crop2.json,site.json,False,dwd/csvs,dwd/csvs/germany_ubn_1951-01-01_to_2024-08-30,,,,,,2018-01-01,2018-12-31,False,False,True,True,True,False,False,True,False,True,False,False,False,,,0.98,,historic_runs,,SAX_CType2_2018_100_25832_etrs89-utm32n.asc,,DroughtStressThreshold,0.56,2,
9,True,fixed,auto,SM_sfix_hauto,sim_sensitivity.json,crop2.json,site.json,False,dwd/csvs,dwd/csvs/germany_ubn_1951-01-01_to_2024-08-30,,,,,,2018-01-01,2018-12-31,False,False,True,True,True,False,False,True,False,True,False,False,False,,,0.98,,historic_runs,,SAX_CType2_2018_100_25832_etrs89-utm32n.asc,,DroughtStressThreshold,0.56,3,
10,True,fixed,auto,SM_sfix_hauto,sim_sensitivity.json,crop2.json,site.json,False,dwd/csvs,dwd/csvs/germany_ubn_1951-01-01_to_2024-08-30,,,,,,2018-01-01,2018-12-31,False,False,True,True,True,False,False,True,False,True,False,False,False,,,0.98,,historic_runs,,SAX_CType2_2018_100_25832_etrs89-utm32n.asc,,DroughtStressThreshold,0.56,4,
11,True,fixed,auto,SM_sfix_hauto,sim_sensitivity.json,crop2.json,site.json,False,dwd/csvs,dwd/csvs/germany_ubn_1951-01-01_to_2024-08-30,,,,,,2018-01-01,2018-12-31,False,False,True,True,True,False,False,True,False,True,False,False,False,,,0.98,,historic_runs,,SAX_CType2_2018_100_25832_etrs89-utm32n.asc,,DroughtStressThreshold,0.56,5,
12,True,fixed,auto,SM_sfix_hauto,sim_sensitivity.json,crop2.json,site.json,False,dwd/csvs,dwd/csvs/germany_ubn_1951-01-01_to_2024-08-30,,,,,,2018-01-01,2018-12-31,False,False,True,True,True,False,False,True,False,True,False,False,False,,,0.98,,historic_runs,,SAX_CType2_2018_100_25832_etrs89-utm32n.asc,,DroughtStressThreshold,0.56,6,
13,True,fixed,auto,SM_sfix_hauto,sim_sensitivity.json,crop2.json,site.json,False,dwd/csvs,dwd/csvs/germany_ubn_1951-01-01_to_2024-08-30,,,,,,2019-01-01,2019-12-31,False,False,True,True,True,False,False,True,False,True,False,False,False,,,0.98,,historic_runs,,SAX_CType2_2019_100_25832_etrs89-utm32n.asc,,DroughtStressThreshold,0.56,1,
14,True,fixed,auto,SM_sfix_hauto,sim_sensitivity.json,crop2.json,site.json,False,dwd/csvs,dwd/csvs/germany_ubn_1951-01-01_to_2024-08-30,,,,,,2019-01-01,2019-12-31,False,False,True,True,True,False,False,True,False,True,False,False,False,,,0.98,,historic_runs,,SAX_CType2_2019_100_25832_etrs89-utm32n.asc,,DroughtStressThreshold,0.56,2,
15,True,fixed,auto,SM_sfix_hauto,sim_sensitivity.json,crop2.json,site.json,False,dwd/csvs,dwd/csvs/germany_ubn_1951-01-01_to_2024-08-30,,,,,,2019-01-01,2019-12-31,False,False,True,True,True,False,False,True,False,True,False,False,False,,,0.98,,historic_runs,,SAX_CType2_2019_100_25832_etrs89-utm32n.asc,,DroughtStressThreshold,0.56,3,
16,True,fixed,auto,SM_sfix_hauto,sim_sensitivity.json,crop2.json,site.json,False,dwd/csvs,dwd/csvs/germany_ubn_1951-01-01_to_2024-08-30,,,,,,2019-01-01,2019-12-31,False,False,True,True,True,False,False,True,False,True,False,False,False,,,0.98,,historic_runs,,SAX_CType2_2019_100_25832_etrs89-utm32n.asc,,DroughtStressThreshold,0.56,4,
17,True,fixed,auto,SM_sfix_hauto,sim_sensitivity.json,crop2.json,site.json,False,dwd/csvs,dwd/csvs/germany_ubn_1951-01-01_to_2024-08-30,,,,,,2019-01-01,2019-12-31,False,False,True,True,True,False,False,True,False,True,False,False,False,,,0.98,,historic_runs,,SAX_CType2_2019_100_25832_etrs89-utm32n.asc,,DroughtStressThreshold,0.56,5,
18,True,fixed,auto,SM_sfix_hauto,sim_sensitivity.json,crop2.json,site.json,False,dwd/csvs,dwd/csvs/germany_ubn_1951-01-01_to_2024-08-30,,,,,,2019-01-01,2019-12-31,False,False,True,True,True,False,False,True,False,True,False,False,False,,,0.98,,historic_runs,,SAX_CType2_2019_100_25832_etrs89-utm32n.asc,,DroughtStressThreshold,0.56,6,
19,True,fixed,auto,SM_sfix_hauto,sim_sensitivity.json,crop2.json,site.json,False,dwd/csvs,dwd/csvs/germany_ubn_1951-01-01_to_2024-08-30,,,,,,2020-01-01,2020-12-31,False,False,True,True,True,False,False,True,False,True,False,False,False,,,0.98,,historic_runs,,SAX_CType2_2020_100_25832_etrs89-utm32n.asc,,DroughtStressThreshold,0.56,1,
20,True,fixed,auto,SM_sfix_hauto,sim_sensitivity.json,crop2.json,site.json,False,dwd/csvs,dwd/csvs/germany_ubn_1951-01-01_to_2024-08-30,,,,,,2020-01-01,2020-12-31,False,False,True,True,True,False,False,True,False,True,False,False,False,,,0.98,,historic_runs,,SAX_CType2_2020_100_25832_etrs89-utm32n.asc,,DroughtStressThreshold,0.56,2,
21,True,fixed,auto,SM_sfix_hauto,sim_sensitivity.json,crop2.json,site.json,False,dwd/csvs,dwd/csvs/germany_ubn_1951-01-01_to_2024-08-30,,,,,,2020-01-01,2020-12-31,False,False,True,True,True,False,False,True,False,True,False,False,False,,,0.98,,historic_runs,,SAX_CType2_2020_100_25832_etrs89-utm32n.asc,,DroughtStressThreshold,0.56,3,
22,True,fixed,auto,SM_sfix_hauto,sim_sensitivity.json,crop2.json,site.json,False,dwd/csvs,dwd/csvs/germany_ubn_1951-01-01_to_2024-08-30,,,,,,2020-01-01,2020-12-31,False,False,True,True,True,False,False,True,False,True,False,False,False,,,0.98,,historic_runs,,SAX_CType2_2020_100_25832_etrs89-utm32n.asc,,DroughtStressThreshold,0.56,4,
23,True,fixed,auto,SM_sfix_hauto,sim_sensitivity.json,crop2.json,site.json,False,dwd/csvs,dwd/csvs/germany_ubn_1951-01-01_to_2024-08-30,,,,,,2020-01-01,2020-12-31,False,False,True,True,True,False,False,True,False,True,False,False,False,,,0.98,,historic_runs,,SAX_CType2_2020_100_25832_etrs89-utm32n.asc,,DroughtStressThreshold,0.56,5,
24,True,fixed,auto,SM_sfix_hauto,sim_sensitivity.json,crop2.json,site.json,False,dwd/csvs,dwd/csvs/germany_ubn_1951-01-01_to_2024-08-30,,,,,,2020-01-01,2020-12-31,False,False,True,True,True,False,False,True,False,True,False,False,False,,,0.98,,historic_runs,,SAX_CType2_2020_100_25832_etrs89-utm32n.asc,,DroughtStressThreshold,0.56,6,
25,True,fixed,auto,SM_sfix_hauto,sim_sensitivity.json,crop2.json,site.json,False,dwd/csvs,dwd/csvs/germany_ubn_1951-01-01_to_2024-08-30,,,,,,2021-01-01,2021-12-31,False,False,True,True,True,False,False,True,False,True,False,False,False,,,0.98,,historic_runs,,SAX_CType2_2021_100_25832_etrs89-utm32n.asc,,DroughtStressThreshold,0.56,1,
26,True,fixed,auto,SM_sfix_hauto,sim_sensitivity.json,crop2.json,site.json,False,dwd/csvs,dwd/csvs/germany_ubn_1951-01-01_to_2024-08-30,,,,,,2021-01-01,2021-12-31,False,False,True,True,True,False,False,True,False,True,False,False,False,,,0.98,,historic_runs,,SAX_CType2_2021_100_25832_etrs89-utm32n.asc,,DroughtStressThreshold,0.56,2,
27,True,fixed,auto,SM_sfix_hauto,sim_sensitivity.json,crop2.json,site.json,False,dwd/csvs,dwd/csvs/germany_ubn_1951-01-01_to_2024-08-30,,,,,,2021-01-01,2021-12-31,False,False,True,True,True,False,False,True,False,True,False,False,False,,,0.98,,historic_runs,,SAX_CType2_2021_100_25832_etrs89-utm32n.asc,,DroughtStressThreshold,0.56,3,
28,True,fixed,auto,SM_sfix_hauto,sim_sensitivity.json,crop2.json,site.json,False,dwd/csvs,dwd/csvs/germany_ubn_1951-01-01_to_2024-08-30,,,,,,2021-01-01,2021-12-31,False,False,True,True,True,False,False,True,False,True,False,False,False,,,0.98,,historic_runs,,SAX_CType2_2021_100_25832_etrs89-utm32n.asc,,DroughtStressThreshold,0.56,4,
29,True,fixed,auto,SM_sfix_hauto,sim_sensitivity.json,crop2.json,site.json,False,dwd/csvs,dwd/csvs/germany_ubn_1951-01-01_to_2024-08-30,,,,,,2021-01-01,2021-12-31,False,False,True,True,True,False,False,True,False,True,False,False,False,,,0.98,,historic_runs,,SAX_CType2_2021_100_25832_etrs89-utm32n.asc,,DroughtStressThreshold,0.56,5,
30,True,fixed,auto,SM_sfix_hauto,sim_sensitivity.json,crop2.json,site.json,False,dwd/csvs,dwd/csvs/germany_ubn_1951-01-01_to_2024-08-30,,,,,,2021-01-01,2021-12-31,False,False,True,True,True,False,False,True,False,True,False,False,False,,,0.98,,historic_runs,,SAX_CType2_2021_100_25832_etrs89-utm32n.asc,,DroughtStressThreshold,0.56,6,
31,True,fixed,auto,SM_sfix_hauto,sim_sensitivity.json,crop2.json,site.json,False,dwd/csvs,dwd/csvs/germany_ubn_1951-01-01_to_2024-08-30,,,,,,2022-01-01,2022-12-31,False,False,True,True,True,False,False,True,False,True,False,False,False,,,0.98,,historic_runs,,SAX_CType2_2022_100_25832_etrs89-utm32n.asc,,DroughtStressThreshold,0.56,1,
32,True,fixed,auto,SM_sfix_hauto,sim_sensitivity.json,crop2.json,site.json,False,dwd/csvs,dwd/csvs/germany_ubn_1951-01-01_to_2024-08-30,,,,,,2022-01-01,2022-12-31,False,False,True,True,True,False,False,True,False,True,False,False,False,,,0.98,,historic_runs,,SAX_CType2_2022_100_25832_etrs89-utm32n.asc,,DroughtStressThreshold,0.56,2,
33,True,fixed,auto,SM_sfix_hauto,sim_sensitivity.json,crop2.json,site.json,False,dwd/csvs,dwd/csvs/germany_ubn_1951-01-01_to_2024-08-30,,,,,,2022-01-01,2022-12-31,False,False,True,True,True,False,False,True,False,True,False,False,False,,,0.98,,historic_runs,,SAX_CType2_2022_100_25832_etrs89-utm32n.asc,,DroughtStressThreshold,0.56,3,
34,True,fixed,auto,SM_sfix_hauto,sim_sensitivity.json,crop2.json,site.json,False,dwd/csvs,dwd/csvs/germany_ubn_1951-01-01_to_2024-08-30,,,,,,2022-01-01,2022-12-31,False,False,True,True,True,False,False,True,False,True,False,False,False,,,0.98,,historic_runs,,SAX_CType2_2022_100_25832_etrs89-utm32n.asc,,DroughtStressThreshold,0.56,4,
35,True,fixed,auto,SM_sfix_hauto,sim_sensitivity.json,crop2.json,site.json,False,dwd/csvs,dwd/csvs/germany_ubn_1951-01-01_to_2024-08-30,,,,,,2022-01-01,2022-12-31,False,False,True,True,True,False,False,True,False,True,False,False,False,,,0.98,,historic_runs,,SAX_CType2_2022_100_25832_etrs89-utm32n.asc,,DroughtStressThreshold,0.56,5,
36,True,fixed,auto,SM_sfix_hauto,sim_sensitivity.json,crop2.json,site.json,False,dwd/csvs,dwd/csvs/germany_ubn_1951-01-01_to_2024-08-30,,,,,,2022-01-01,2022-12-31,False,False,True,True,True,False,False,True,False,True,False,False,False,,,0.98,,historic_runs,,SAX_CType2_2022_100_25832_etrs89-utm32n.asc,,DroughtStressThreshold,0.56,6,
37,True,fixed,auto,SM_sfix_hauto,sim_sensitivity.json,crop2.json,site.json,False,dwd/csvs,dwd/csvs/germany_ubn_1951-01-01_to_2024-08-30,,,,,,2023-01-01,2023-12-31,False,False,True,True,True,False,False,True,False,True,False,False,False,,,0.98,,historic_runs,,SAX_CType2_2023_100_25832_etrs89-utm32n.asc,,DroughtStressThreshold,0.56,1,
38,True,fixed,auto,SM_sfix_hauto,sim_sensitivity.json,crop2.json,site.json,False,dwd/csvs,dwd/csvs/germany_ubn_1951-01-01_to_2024-08-30,,,,,,2023-01-01,2023-12-31,False,False,True,True,True,False,False,True,False,True,False,False,False,,,0.98,,historic_runs,,SAX_CType2_2023_100_25832_etrs89-utm32n.asc,,DroughtStressThreshold,0.56,2,
39,True,fixed,auto,SM_sfix_hauto,sim_sensitivity.json,crop2.json,site.json,False,dwd/csvs,dwd/csvs/germany_ubn_1951-01-01_to_2024-08-30,,,,,,2023-01-01,2023-12-31,False,False,True,True,True,False,False,True,False,True,False,False,False,,,0.98,,historic_runs,,SAX_CType2_2023_100_25832_etrs89-utm32n.asc,,DroughtStressThreshold,0.56,3,
40,True,fixed,auto,SM_sfix_hauto,sim_sensitivity.json,crop2.json,site.json,False,dwd/csvs,dwd/csvs/germany_ubn_1951-01-01_to_2024-08-30,,,,,,2023-01-01,2023-12-31,False,False,True,True,True,False,False,True,False,True,False,False,False,,,0.98,,historic_runs,,SAX_CType2_2023_100_25832_etrs89-utm32n.asc,,DroughtStressThreshold,0.56,4,
41,True,fixed,auto,SM_sfix_hauto,sim_sensitivity.json,crop2.json,site.json,False,dwd/csvs,dwd/csvs/germany_ubn_1951-01-01_to_2024-08-30,,,,,,2023-01-01,2023-12-31,False,False,True,True,True,False,False,True,False,True,False,False,False,,,0.98,,historic_runs,,SAX_CType2_2023_100_25832_etrs89-utm32n.asc,,DroughtStressThreshold,0.56,5,
42,True,fixed,auto,SM_sfix_hauto,sim_sensitivity.json,crop2.json,site.json,False,dwd/csvs,dwd/csvs/germany_ubn_1951-01-01_to_2024-08-30,,,,,,2023-01-01,2023-12-31,False,False,True,True,True,False,False,True,False,True,False,False,False,,,0.98,,historic_runs,,SAX_CType2_2023_100_25832_etrs89-utm32n.asc,,DroughtStressThreshold,0.56,6,
43,True,fixed,auto,WW_sfix_hauto,sim_sensitivity.json,crop.json,site.json,False,dwd/csvs,dwd/csvs/germany_ubn_1951-01-01_to_2024-08-30,,,,,,2016-01-01,2017-12-31,False,False,True,True,True,False,False,True,False,True,False,False,False,,,,,historic_runs,,SAX_CType3_2017_100_25832_etrs89-utm32n.asc,,DroughtStressThreshold,0.63,1,
44,True,fixed,auto,WW_sfix_hauto,sim_sensitivity.json,crop.json,site.json,False,dwd/csvs,dwd/csvs/germany_ubn_1951-01-01_to_2024-08-30,,,,,,2016-01-01,2017-12-31,False,False,True,True,True,False,False,True,False,True,False,False,False,,,,,historic_runs,,SAX_CType3_2017_100_25832_etrs89-utm32n.asc,,DroughtStressThreshold,0.7,2,
45,True,fixed,auto,WW_sfix_hauto,sim_sensitivity.json,crop.json,site.json,False,dwd/csvs,dwd/csvs/germany_ubn_1951-01-01_to_2024-08-30,,,,,,2016-01-01,2017-12-31,False,False,True,True,True,False,False,True,False,True,False,False,False,,,,,historic_runs,,SAX_CType3_2017_100_25832_etrs89-utm32n.asc,,DroughtStressThreshold,0.7,3,
46,True,fixed,auto,WW_sfix_hauto,sim_sensitivity.json,crop.json,site.json,False,dwd/csvs,dwd/csvs/germany_ubn_1951-01-01_to_2024-08-30,,,,,,2016-01-01,2017-12-31,False,False,True,True,True,False,False,True,False,True,False,False,False,,,,,historic_runs,,SAX_CType3_2017_100_25832_etrs89-utm32n.asc,,DroughtStressThreshold,0.63,4,
47,True,fixed,auto,WW_sfix_hauto,sim_sensitivity.json,crop.json,site.json,False,dwd/csvs,dwd/csvs/germany_ubn_1951-01-01_to_2024-08-30,,,,,,2016-01-01,2017-12-31,False,False,True,True,True,False,False,True,False,True,False,False,False,,,,,historic_runs,,SAX_CType3_2017_100_25832_etrs89-utm32n.asc,,DroughtStressThreshold,0.56,5,
48,True,fixed,auto,WW_sfix_hauto,sim_sensitivity.json,crop.json,site.json,False,dwd/csvs,dwd/csvs/germany_ubn_1951-01-01_to_2024-08-30,,,,,,2017-01-01,2018-12-31,False,False,True,True,True,False,False,True,False,True,False,False,False,,,,,historic_runs,,SAX_CType3_2018_100_25832_etrs89-utm32n.asc,,DroughtStressThreshold,0.63,1,
49,True,fixed,auto,WW_sfix_hauto,sim_sensitivity.json,crop.json,site.json,False,dwd/csvs,dwd/csvs/germany_ubn_1951-01-01_to_2024-08-30,,,,,,2017-01-01,2018-12-31,False,False,True,True,True,False,False,True,False,True,False,False,False,,,,,historic_runs,,SAX_CType3_2018_100_25832_etrs89-utm32n.asc,,DroughtStressThreshold,0.7,2,
50,True,fixed,auto,WW_sfix_hauto,sim_sensitivity.json,crop.json,site.json,False,dwd/csvs,dwd/csvs/germany_ubn_1951-01-01_to_2024-08-30,,,,,,2017-01-01,2018-12-31,False,False,True,True,True,False,False,True,False,True,False,False,False,,,,,historic_runs,,SAX_CType3_2018_100_25832_etrs89-utm32n.asc,,DroughtStressThreshold,0.7,3,
51,True,fixed,auto,WW_sfix_hauto,sim_sensitivity.json,crop.json,site.json,False,dwd/csvs,dwd/csvs/germany_ubn_1951-01-01_to_2024-08-30,,,,,,2017-01-01,2018-12-31,False,False,True,True,True,False,False,True,False,True,False,False,False,,,,,historic_runs,,SAX_CType3_2018_100_25832_etrs89-utm32n.asc,,DroughtStressThreshold,0.63,4,
52,True,fixed,auto,WW_sfix_hauto,sim_sensitivity.json,crop.json,site.json,False,dwd/csvs,dwd/csvs/germany_ubn_1951-01-01_to_2024-08-30,,,,,,2017-01-01,2018-12-31,False,False,True,True,True,False,False,True,False,True,False,False,False,,,,,historic_runs,,SAX_CType3_2018_100_25832_etrs89-utm32n.asc,,DroughtStressThreshold,0.56,5,
53,True,fixed,auto,WW_sfix_hauto,sim_sensitivity.json,crop.json,site.json,False,dwd/csvs,dwd/csvs/germany_ubn_1951-01-01_to_2024-08-30,,,,,,2018-01-01,2019-12-31,False,False,True,True,True,False,False,True,False,True,False,False,False,,,,,historic_runs,,SAX_CType3_2019_100_25832_etrs89-utm32n.asc,,DroughtStressThreshold,0.63,1,
54,True,fixed,auto,WW_sfix_hauto,sim_sensitivity.json,crop.json,site.json,False,dwd/csvs,dwd/csvs/germany_ubn_1951-01-01_to_2024-08-30,,,,,,2018-01-01,2019-12-31,False,False,True,True,True,False,False,True,False,True,False,False,False,,,,,historic_runs,,SAX_CType3_2019_100_25832_etrs89-utm32n.asc,,DroughtStressThreshold,0.7,2,
55,True,fixed,auto,WW_sfix_hauto,sim_sensitivity.json,crop.json,site.json,False,dwd/csvs,dwd/csvs/germany_ubn_1951-01-01_to_2024-08-30,,,,,,2018-01-01,2019-12-31,False,False,True,True,True,False,False,True,False,True,False,False,False,,,,,historic_runs,,SAX_CType3_2019_100_25832_etrs89-utm32n.asc,,DroughtStressThreshold,0.7,3,
56,True,fixed,auto,WW_sfix_hauto,sim_sensitivity.json,crop.json,site.json,False,dwd/csvs,dwd/csvs/germany_ubn_1951-01-01_to_2024-08-30,,,,,,2018-01-01,2019-12-31,False,False,True,True,True,False,False,True,False,True,False,False,False,,,,,historic_runs,,SAX_CType3_2019_100_25832_etrs89-utm32n.asc,,DroughtStressThreshold,0.63,4,
57,True,fixed,auto,WW_sfix_hauto,sim_sensitivity.json,crop.json,site.json,False,dwd/csvs,dwd/csvs/germany_ubn_1951-01-01_to_2024-08-30,,,,,,2018-01-01,2019-12-31,False,False,True,True,True,False,False,True,False,True,False,False,False,,,,,historic_runs,,SAX_CType3_2019_100_25832_etrs89-utm32n.asc,,DroughtStressThreshold,0.56,5,
58,True,fixed,auto,WW_sfix_hauto,sim_sensitivity.json,crop.json,site.json,False,dwd/csvs,dwd/csvs/germany_ubn_1951-01-01_to_2024-08-30,,,,,,2019-01-01,2020-12-31,False,False,True,True,True,False,False,True,False,True,False,False,False,,,,,historic_runs,,SAX_CType3_2020_100_25832_etrs89-utm32n.asc,,DroughtStressThreshold,0.63,1,
59,True,fixed,auto,WW_sfix_hauto,sim_sensitivity.json,crop.json,site.json,False,dwd/csvs,dwd/csvs/germany_ubn_1951-01-01_to_2024-08-30,,,,,,2019-01-01,2020-12-31,False,False,True,True,True,False,False,True,False,True,False,False,False,,,,,historic_runs,,SAX_CType3_2020_100_25832_etrs89-utm32n.asc,,DroughtStressThreshold,0.7,2,
60,True,fixed,auto,WW_sfix_hauto,sim_sensitivity.json,crop.json,site.json,False,dwd/csvs,dwd/csvs/germany_ubn_1951-01-01_to_2024-08-30,,,,,,2019-01-01,2020-12-31,False,False,True,True,True,False,False,True,False,True,False,False,False,,,,,historic_runs,,SAX_CType3_2020_100_25832_etrs89-utm32n.asc,,DroughtStressThreshold,0.7,3,
61,True,fixed,auto,WW_sfix_hauto,sim_sensitivity.json,crop.json,site.json,False,dwd/csvs,dwd/csvs/germany_ubn_1951-01-01_to_2024-08-30,,,,,,2019-01-01,2020-12-31,False,False,True,True,True,False,False,True,False,True,False,False,False,,,,,historic_runs,,SAX_CType3_2020_100_25832_etrs89-utm32n.asc,,DroughtStressThreshold,0.63,4,
62,True,fixed,auto,WW_sfix_hauto,sim_sensitivity.json,crop.json,site.json,False,dwd/csvs,dwd/csvs/germany_ubn_1951-01-01_to_2024-08-30,,,,,,2019-01-01,2020-12-31,False,False,True,True,True,False,False,True,False,True,False,False,False,,,,,historic_runs,,SAX_CType3_2020_100_25832_etrs89-utm32n.asc,,DroughtStressThreshold,0.56,5,
63,True,fixed,auto,WW_sfix_hauto,sim_sensitivity.json,crop.json,site.json,False,dwd/csvs,dwd/csvs/germany_ubn_1951-01-01_to_2024-08-30,,,,,,2020-01-01,2021-12-31,False,False,True,True,True,False,False,True,False,True,False,False,False,,,,,historic_runs,,SAX_CType3_2021_100_25832_etrs89-utm32n.asc,,DroughtStressThreshold,0.63,1,
64,True,fixed,auto,WW_sfix_hauto,sim_sensitivity.json,crop.json,site.json,False,dwd/csvs,dwd/csvs/germany_ubn_1951-01-01_to_2024-08-30,,,,,,2020-01-01,2021-12-31,False,False,True,True,True,False,False,True,False,True,False,False,False,,,,,historic_runs,,SAX_CType3_2021_100_25832_etrs89-utm32n.asc,,DroughtStressThreshold,0.7,2,
65,True,fixed,auto,WW_sfix_hauto,sim_sensitivity.json,crop.json,site.json,False,dwd/csvs,dwd/csvs/germany_ubn_1951-01-01_to_2024-08-30,,,,,,2020-01-01,2021-12-31,False,False,True,True,True,False,False,True,False,True,False,False,False,,,,,historic_runs,,SAX_CType3_2021_100_25832_etrs89-utm32n.asc,,DroughtStressThreshold,0.7,3,
66,True,fixed,auto,WW_sfix_hauto,sim_sensitivity.json,crop.json,site.json,False,dwd/csvs,dwd/csvs/germany_ubn_1951-01-01_to_2024-08-30,,,,,,2020-01-01,2021-12-31,False,False,True,True,True,False,False,True,False,True,False,False,False,,,,,historic_runs,,SAX_CType3_2021_100_25832_etrs89-utm32n.asc,,DroughtStressThreshold,0.63,4,
67,True,fixed,auto,WW_sfix_hauto,sim_sensitivity.json,crop.json,site.json,False,dwd/csvs,dwd/csvs/germany_ubn_1951-01-01_to_2024-08-30,,,,,,2020-01-01,2021-12-31,False,False,True,True,True,False,False,True,False,True,False,False,False,,,,,historic_runs,,SAX_CType3_2021_100_25832_etrs89-utm32n.asc,,DroughtStressThreshold,0.56,5,
68,True,fixed,auto,WW_sfix_hauto,sim_sensitivity.json,crop.json,site.json,False,dwd/csvs,dwd/csvs/germany_ubn_1951-01-01_to_2024-08-30,,,,,,2021-01-01,2022-12-31,False,False,True,True,True,False,False,True,False,True,False,False,False,,,,,historic_runs,,SAX_CType3_2022_100_25832_etrs89-utm32n.asc,,DroughtStressThreshold,0.63,1,
69,True,fixed,auto,WW_sfix_hauto,sim_sensitivity.json,crop.json,site.json,False,dwd/csvs,dwd/csvs/germany_ubn_1951-01-01_to_2024-08-30,,,,,,2021-01-01,2022-12-31,False,False,True,True,True,False,False,True,False,True,False,False,False,,,,,historic_runs,,SAX_CType3_2022_100_25832_etrs89-utm32n.asc,,DroughtStressThreshold,0.7,2,
70,True,fixed,auto,WW_sfix_hauto,sim_sensitivity.json,crop.json,site.json,False,dwd/csvs,dwd/csvs/germany_ubn_1951-01-01_to_2024-08-30,,,,,,2021-01-01,2022-12-31,False,False,True,True,True,False,False,True,False,True,False,False,False,,,,,historic_runs,,SAX_CType3_2022_100_25832_etrs89-utm32n.asc,,DroughtStressThreshold,0.7,3,
71,True,fixed,auto,WW_sfix_hauto,sim_sensitivity.json,crop.json,site.json,False,dwd/csvs,dwd/csvs/germany_ubn_1951-01-01_to_2024-08-30,,,,,,2021-01-01,2022-12-31,False,False,True,True,True,False,False,True,False,True,False,False,False,,,,,historic_runs,,SAX_CType3_2022_100_25832_etrs89-utm32n.asc,,DroughtStressThreshold,0.63,4,
72,True,fixed,auto,WW_sfix_hauto,sim_sensitivity.json,crop.json,site.json,False,dwd/csvs,dwd/csvs/germany_ubn_1951-01-01_to_2024-08-30,,,,,,2021-01-01,2022-12-31,False,False,True,True,True,False,False,True,False,True,False,False,False,,,,,historic_runs,,SAX_CType3_2022_100_25832_etrs89-utm32n.asc,,DroughtStressThreshold,0.56,5,
73,True,fixed,auto,WW_sfix_hauto,sim_sensitivity.json,crop.json,site.json,False,dwd/csvs,dwd/csvs/germany_ubn_1951-01-01_to_2024-08-30,,,,,,2022-01-01,2023-12-31,False,False,True,True,True,False,False,True,False,True,False,False,False,,,,,historic_runs,,SAX_CType3_2023_100_25832_etrs89-utm32n.asc,,DroughtStressThreshold,0.63,1,
74,True,fixed,auto,WW_sfix_hauto,sim_sensitivity.json,crop.json,site.json,False,dwd/csvs,dwd/csvs/germany_ubn_1951-01-01_to_2024-08-30,,,,,,2022-01-01,2023-12-31,False,False,True,True,True,False,False,True,False,True,False,False,False,,,,,historic_runs,,SAX_CType3_2023_100_25832_etrs89-utm32n.asc,,DroughtStressThreshold,0.7,2,
75,True,fixed,auto,WW_sfix_hauto,sim_sensitivity.json,crop.json,site.json,False,dwd/csvs,dwd/csvs/germany_ubn_1951-01-01_to_2024-08-30,,,,,,2022-01-01,2023-12-31,False,False,True,True,True,False,False,True,False,True,False,False,False,,,,,historic_runs,,SAX_CType3_2023_100_25832_etrs89-utm32n.asc,,DroughtStressThreshold,0.7,3,
76,True,fixed,auto,WW_sfix_hauto,sim_sensitivity.json,crop.json,site.json,False,dwd/csvs,dwd/csvs/germany_ubn_1951-01-01_to_2024-08-30,,,,,,2022-01-01,2023-12-31,False,False,True,True,True,False,False,True,False,True,False,False,False,,,,,historic_runs,,SAX_CType3_2023_100_25832_etrs89-utm32n.asc,,DroughtStressThreshold,0.63,4,
77,True,fixed,auto,WW_sfix_hauto,sim_sensitivity.json,crop.json,site.json,False,dwd/csvs,dwd/csvs/germany_ubn_1951-01-01_to_2024-08-30,,,,,,2022-01-01,2023-12-31,False,False,True,True,True,False,False,True,False,True,False,False,False,,,,,historic_runs,,SAX_CType3_2023_100_25832_etrs89-utm32n.asc,,DroughtStressThreshold,0.35,5,
78,True,fixed,auto,SM_sfix_hauto,sim_sensitivity.json,crop.json,site.json,False,dwd/csvs,dwd/csvs/germany_ubn_1951-01-01_to_2024-08-30,,,,,,2017-01-01,2017-12-31,False,False,True,True,True,False,False,True,False,True,False,False,False,,,0.98,,historic_runs,,HE_CType2_2017_100_25832_etrs89-utm32n.asc,,DroughtStressThreshold,0.56,1,
79,True,fixed,auto,SM_sfix_hauto,sim_sensitivity.json,crop.json,site.json,False,dwd/csvs,dwd/csvs/germany_ubn_1951-01-01_to_2024-08-30,,,,,,2017-01-01,2017-12-31,False,False,True,True,True,False,False,True,False,True,False,False,False,,,0.98,,historic_runs,,HE_CType2_2017_100_25832_etrs89-utm32n.asc,,DroughtStressThreshold,0.56,2,
80,True,fixed,auto,SM_sfix_hauto,sim_sensitivity.json,crop.json,site.json,False,dwd/csvs,dwd/csvs/germany_ubn_1951-01-01_to_2024-08-30,,,,,,2017-01-01,2017-12-31,False,False,True,True,True,False,False,True,False,True,False,False,False,,,0.98,,historic_runs,,HE_CType2_2017_100_25832_etrs89-utm32n.asc,,DroughtStressThreshold,0.56,3,
81,True,fixed,auto,SM_sfix_hauto,sim_sensitivity.json,crop.json,site.json,False,dwd/csvs,dwd/csvs/germany_ubn_1951-01-01_to_2024-08-30,,,,,,2017-01-01,2017-12-31,False,False,True,True,True,False,False,True,False,True,False,False,False,,,0.98,,historic_runs,,HE_CType2_2017_100_25832_etrs89-utm32n.asc,,DroughtStressThreshold,0.56,4,
82,True,fixed,auto,SM_sfix_hauto,sim_sensitivity.json,crop.json,site.json,False,dwd/csvs,dwd/csvs/germany_ubn_1951-01-01_to_2024-08-30,,,,,,2017-01-01,2017-12-31,False,False,True,True,True,False,False,True,False,True,False,False,False,,,0.98,,historic_runs,,HE_CType2_2017_100_25832_etrs89-utm32n.asc,,DroughtStressThreshold,0.56,5,
83,True,fixed,auto,SM_sfix_hauto,sim_sensitivity.json,crop.json,site.json,False,dwd/csvs,dwd/csvs/germany_ubn_1951-01-01_to_2024-08-30,,,,,,2017-01-01,2017-12-31,False,False,True,True,True,False,False,True,False,True,False,False,False,,,0.98,,historic_runs,,HE_CType2_2017_100_25832_etrs89-utm32n.asc,,DroughtStressThreshold,0.56,6,
84,True,fixed,auto,SM_sfix_hauto,sim_sensitivity.json,crop.json,site.json,False,dwd/csvs,dwd/csvs/germany_ubn_1951-01-01_to_2024-08-30,,,,,,2018-01-01,2018-12-31,False,False,True,True,True,False,False,True,False,True,False,False,False,,,0.98,,historic_runs,,HE_CType2_2018_100_25832_etrs89-utm32n.asc,,DroughtStressThreshold,0.56,1,
85,True,fixed,auto,SM_sfix_hauto,sim_sensitivity.json,crop.json,site.json,False,dwd/csvs,dwd/csvs/germany_ubn_1951-01-01_to_2024-08-30,,,,,,2018-01-01,2018-12-31,False,False,True,True,True,False,False,True,False,True,False,False,False,,,0.98,,historic_runs,,HE_CType2_2018_100_25832_etrs89-utm32n.asc,,DroughtStressThreshold,0.56,2,
86,True,fixed,auto,SM_sfix_hauto,sim_sensitivity.json,crop.json,site.json,False,dwd/csvs,dwd/csvs/germany_ubn_1951-01-01_to_2024-08-30,,,,,,2018-01-01,2018-12-31,False,False,True,True,True,False,False,True,False,True,False,False,False,,,0.98,,historic_runs,,HE_CType2_2018_100_25832_etrs89-utm32n.asc,,DroughtStressThreshold,0.56,3,
87,True,fixed,auto,SM_sfix_hauto,sim_sensitivity.json,crop.json,site.json,False,dwd/csvs,dwd/csvs/germany_ubn_1951-01-01_to_2024-08-30,,,,,,2018-01-01,2018-12-31,False,False,True,True,True,False,False,True,False,True,False,False,False,,,0.98,,historic_runs,,HE_CType2_2018_100_25832_etrs89-utm32n.asc,,DroughtStressThreshold,0.56,4,
88,True,fixed,auto,SM_sfix_hauto,sim_sensitivity.json,crop.json,site.json,False,dwd/csvs,dwd/csvs/germany_ubn_1951-01-01_to_2024-08-30,,,,,,2018-01-01,2018-12-31,False,False,True,True,True,False,False,True,False,True,False,False,False,,,0.98,,historic_runs,,HE_CType2_2018_100_25832_etrs89-utm32n.asc,,DroughtStressThreshold,0.56,5,
89,True,fixed,auto,SM_sfix_hauto,sim_sensitivity.json,crop.json,site.json,False,dwd/csvs,dwd/csvs/germany_ubn_1951-01-01_to_2024-08-30,,,,,,2018-01-01,2018-12-31,False,False,True,True,True,False,False,True,False,True,False,False,False,,,0.98,,historic_runs,,HE_CType2_2018_100_25832_etrs89-utm32n.asc,,DroughtStressThreshold,0.56,6,
90,True,fixed,auto,SM_sfix_hauto,sim_sensitivity.json,crop.json,site.json,False,dwd/csvs,dwd/csvs/germany_ubn_1951-01-01_to_2024-08-30,,,,,,2019-01-01,2019-12-31,False,False,True,True,True,False,False,True,False,True,False,False,False,,,0.98,,historic_runs,,HE_CType2_2019_100_25832_etrs89-utm32n.asc,,DroughtStressThreshold,0.56,1,
91,True,fixed,auto,SM_sfix_hauto,sim_sensitivity.json,crop.json,site.json,False,dwd/csvs,dwd/csvs/germany_ubn_1951-01-01_to_2024-08-30,,,,,,2019-01-01,2019-12-31,False,False,True,True,True,False,False,True,False,True,False,False,False,,,0.98,,historic_runs,,HE_CType2_2019_100_25832_etrs89-utm32n.asc,,DroughtStressThreshold,0.56,2,
92,True,fixed,auto,SM_sfix_hauto,sim_sensitivity.json,crop.json,site.json,False,dwd/csvs,dwd/csvs/germany_ubn_1951-01-01_to_2024-08-30,,,,,,2019-01-01,2019-12-31,False,False,True,True,True,False,False,True,False,True,False,False,False,,,0.98,,historic_runs,,HE_CType2_2019_100_25832_etrs89-utm32n.asc,,DroughtStressThreshold,0.56,3,
93,True,fixed,auto,SM_sfix_hauto,sim_sensitivity.json,crop.json,site.json,False,dwd/csvs,dwd/csvs/germany_ubn_1951-01-01_to_2024-08-30,,,,,,2019-01-01,2019-12-31,False,False,True,True,True,False,False,True,False,True,False,False,False,,,0.98,,historic_runs,,HE_CType2_2019_100_25832_etrs89-utm32n.asc,,DroughtStressThreshold,0.56,4,
94,True,fixed,auto,SM_sfix_hauto,sim_sensitivity.json,crop.json,site.json,False,dwd/csvs,dwd/csvs/germany_ubn_1951-01-01_to_2024-08-30,,,,,,2019-01-01,2019-12-31,False,False,True,True,True,False,False,True,False,True,False,False,False,,,0.98,,historic_runs,,HE_CType2_2019_100_25832_etrs89-utm32n.asc,,DroughtStressThreshold,0.56,5,
95,True,fixed,auto,SM_sfix_hauto,sim_sensitivity.json,crop.json,site.json,False,dwd/csvs,dwd/csvs/germany_ubn_1951-01-01_to_2024-08-30,,,,,,2019-01-01,2019-12-31,False,False,True,True,True,False,False,True,False,True,False,False,False,,,0.98,,historic_runs,,HE_CType2_2019_100_25832_etrs89-utm32n.asc,,DroughtStressThreshold,0.56,6,
96,True,fixed,auto,SM_sfix_hauto,sim_sensitivity.json,crop.json,site.json,False,dwd/csvs,dwd/csvs/germany_ubn_1951-01-01_to_2024-08-30,,,,,,2020-01-01,2020-12-31,False,False,True,True,True,False,False,True,False,True,False,False,False,,,0.98,,historic_runs,,HE_CType2_2020_100_25832_etrs89-utm32n.asc,,DroughtStressThreshold,0.56,1,
97,True,fixed,auto,SM_sfix_hauto,sim_sensitivity.json,crop.json,site.json,False,dwd/csvs,dwd/csvs/germany_ubn_1951-01-01_to_2024-08-30,,,,,,2020-01-01,2020-12-31,False,False,True,True,True,False,False,True,False,True,False,False,False,,,0.98,,historic_runs,,HE_CType2_2020_100_25832_etrs89-utm32n.asc,,DroughtStressThreshold,0.56,2,
98,True,fixed,auto,SM_sfix_hauto,sim_sensitivity.json,crop.json,site.json,False,dwd/csvs,dwd/csvs/germany_ubn_1951-01-01_to_2024-08-30,,,,,,2020-01-01,2020-12-31,False,False,True,True,True,False,False,True,False,True,False,False,False,,,0.98,,historic_runs,,HE_CType2_2020_100_25832_etrs89-utm32n.asc,,DroughtStressThreshold,0.56,3,
99,True,fixed,auto,SM_sfix_hauto,sim_sensitivity.json,crop.json,site.json,False,dwd/csvs,dwd/csvs/germany_ubn_1951-01-01_to_2024-08-30,,,,,,2020-01-01,2020-12-31,False,False,True,True,True,False,False,True,False,True,False,False,False,,,0.98,,historic_runs,,HE_CType2_2020_100_25832_etrs89-utm32n.asc,,DroughtStressThreshold,0.56,4,
100,True,fixed,auto,SM_sfix_hauto,sim_sensitivity.json,crop.json,site.json,False,dwd/csvs,dwd/csvs/germany_ubn_1951-01-01_to_2024-08-30,,,,,,2020-01-01,2020-12-31,False,False,True,True,True,False,False,True,False,True,False,False,False,,,0.98,,historic_runs,,HE_CType2_2020_100_25832_etrs89-utm32n.asc,,DroughtStressThreshold,0.56,5,
101,True,fixed,auto,SM_sfix_hauto,sim_sensitivity.json,crop.json,site.json,False,dwd/csvs,dwd/csvs/germany_ubn_1951-01-01_to_2024-08-30,,,,,,2020-01-01,2020-12-31,False,False,True,True,True,False,False,True,False,True,False,False,False,,,0.98,,historic_runs,,HE_CType2_2020_100_25832_etrs89-utm32n.asc,,DroughtStressThreshold,0.56,6,
102,True,fixed,auto,SM_sfix_hauto,sim_sensitivity.json,crop.json,site.json,False,dwd/csvs,dwd/csvs/germany_ubn_1951-01-01_to_2024-08-30,,,,,,2021-01-01,2021-12-31,False,False,True,True,True,False,False,True,False,True,False,False,False,,,0.98,,historic_runs,,HE_CType2_2021_100_25832_etrs89-utm32n.asc,,DroughtStressThreshold,0.56,1,
103,True,fixed,auto,SM_sfix_hauto,sim_sensitivity.json,crop.json,site.json,False,dwd/csvs,dwd/csvs/germany_ubn_1951-01-01_to_2024-08-30,,,,,,2021-01-01,2021-12-31,False,False,True,True,True,False,False,True,False,True,False,False,False,,,0.98,,historic_runs,,HE_CType2_2021_100_25832_etrs89-utm32n.asc,,DroughtStressThreshold,0.56,2,
104,True,fixed,auto,SM_sfix_hauto,sim_sensitivity.json,crop.json,site.json,False,dwd/csvs,dwd/csvs/germany_ubn_1951-01-01_to_2024-08-30,,,,,,2021-01-01,2021-12-31,False,False,True,True,True,False,False,True,False,True,False,False,False,,,0.98,,historic_runs,,HE_CType2_2021_100_25832_etrs89-utm32n.asc,,DroughtStressThreshold,0.56,3,
105,True,fixed,auto,SM_sfix_hauto,sim_sensitivity.json,crop.json,site.json,False,dwd/csvs,dwd/csvs/germany_ubn_1951-01-01_to_2024-08-30,,,,,,2021-01-01,2021-12-31,False,False,True,True,True,False,False,True,False,True,False,False,False,,,0.98,,historic_runs,,HE_CType2_2021_100_25832_etrs89-utm32n.asc,,DroughtStressThreshold,0.56,4,
106,True,fixed,auto,SM_sfix_hauto,sim_sensitivity.json,crop.json,site.json,False,dwd/csvs,dwd/csvs/germany_ubn_1951-01-01_to_2024-08-30,,,,,,2021-01-01,2021-12-31,False,False,True,True,True,False,False,True,False,True,False,False,False,,,0.98,,historic_runs,,HE_CType2_2021_100_25832_etrs89-utm32n.asc,,DroughtStressThreshold,0.56,5,
107,True,fixed,auto,SM_sfix_hauto,sim_sensitivity.json,crop.json,site.json,False,dwd/csvs,dwd/csvs/germany_ubn_1951-01-01_to_2024-08-30,,,,,,2021-01-01,2021-12-31,False,False,True,True,True,False,False,True,False,True,False,False,False,,,0.98,,historic_runs,,HE_CType2_2021_100_25832_etrs89-utm32n.asc,,DroughtStressThreshold,0.56,6,
108,True,fixed,auto,SM_sfix_hauto,sim_sensitivity.json,crop.json,site.json,False,dwd/csvs,dwd/csvs/germany_ubn_1951-01-01_to_2024-08-30,,,,,,2022-01-01,2022-12-31,False,False,True,True,True,False,False,True,False,True,False,False,False,,,0.98,,historic_runs,,HE_CType2_2022_100_25832_etrs89-utm32n.asc,,DroughtStressThreshold,0.56,1,
109,True,fixed,auto,SM_sfix_hauto,sim_sensitivity.json,crop.json,site.json,False,dwd/csvs,dwd/csvs/germany_ubn_1951-01-01_to_2024-08-30,,,,,,2022-01-01,2022-12-31,False,False,True,True,True,False,False,True,False,True,False,False,False,,,0.98,,historic_runs,,HE_CType2_2022_100_25832_etrs89-utm32n.asc,,DroughtStressThreshold,0.56,2,
110,True,fixed,auto,SM_sfix_hauto,sim_sensitivity.json,crop.json,site.json,False,dwd/csvs,dwd/csvs/germany_ubn_1951-01-01_to_2024-08-30,,,,,,2022-01-01,2022-12-31,False,False,True,True,True,False,False,True,False,True,False,False,False,,,0.98,,historic_runs,,HE_CType2_2022_100_25832_etrs89-utm32n.asc,,DroughtStressThreshold,0.56,3,
111,True,fixed,auto,SM_sfix_hauto,sim_sensitivity.json,crop.json,site.json,False,dwd/csvs,dwd/csvs/germany_ubn_1951-01-01_to_2024-08-30,,,,,,2022-01-01,2022-12-31,False,False,True,True,True,False,False,True,False,True,False,False,False,,,0.98,,historic_runs,,HE_CType2_2022_100_25832_etrs89-utm32n.asc,,DroughtStressThreshold,0.56,4,
112,True,fixed,auto,SM_sfix_hauto,sim_sensitivity.json,crop.json,site.json,False,dwd/csvs,dwd/csvs/germany_ubn_1951-01-01_to_2024-08-30,,,,,,2022-01-01,2022-12-31,False,False,True,True,True,False,False,True,False,True,False,False,False,,,0.98,,historic_runs,,HE_CType2_2022_100_25832_etrs89-utm32n.asc,,DroughtStressThreshold,0.56,5,
113,True,fixed,auto,SM_sfix_hauto,sim_sensitivity.json,crop.json,site.json,False,dwd/csvs,dwd/csvs/germany_ubn_1951-01-01_to_2024-08-30,,,,,,2022-01-01,2022-12-31,False,False,True,True,True,False,False,True,False,True,False,False,False,,,0.98,,historic_runs,,HE_CType2_2022_100_25832_etrs89-utm32n.asc,,DroughtStressThreshold,0.56,6,
114,True,fixed,auto,SM_sfix_hauto,sim_sensitivity.json,crop.json,site.json,False,dwd/csvs,dwd/csvs/germany_ubn_1951-01-01_to_2024-08-30,,,,,,2023-01-01,2023-12-31,False,False,True,True,True,False,False,True,False,True,False,False,False,,,0.98,,historic_runs,,HE_CType2_2023_100_25832_etrs89-utm32n.asc,,DroughtStressThreshold,0.56,1,
115,True,fixed,auto,SM_sfix_hauto,sim_sensitivity.json,crop.json,site.json,False,dwd/csvs,dwd/csvs/germany_ubn_1951-01-01_to_2024-08-30,,,,,,2023-01-01,2023-12-31,False,False,True,True,True,False,False,True,False,True,False,False,False,,,0.98,,historic_runs,,HE_CType2_2023_100_25832_etrs89-utm32n.asc,,DroughtStressThreshold,0.56,2,
116,True,fixed,auto,SM_sfix_hauto,sim_sensitivity.json,crop.json,site.json,False,dwd/csvs,dwd/csvs/germany_ubn_1951-01-01_to_2024-08-30,,,,,,2023-01-01,2023-12-31,False,False,True,True,True,False,False,True,False,True,False,False,False,,,0.98,,historic_runs,,HE_CType2_2023_100_25832_etrs89-utm32n.asc,,DroughtStressThreshold,0.56,3,
117,True,fixed,auto,SM_sfix_hauto,sim_sensitivity.json,crop.json,site.json,False,dwd/csvs,dwd/csvs/germany_ubn_1951-01-01_to_2024-08-30,,,,,,2023-01-01,2023-12-31,False,False,True,True,True,False,False,True,False,True,False,False,False,,,0.98,,historic_runs,,HE_CType2_2023_100_25832_etrs89-utm32n.asc,,DroughtStressThreshold,0.56,4,
118,True,fixed,auto,SM_sfix_hauto,sim_sensitivity.json,crop.json,site.json,False,dwd/csvs,dwd/csvs/germany_ubn_1951-01-01_to_2024-08-30,,,,,,2023-01-01,2023-12-31,False,False,True,True,True,False,False,True,False,True,False,False,False,,,0.98,,historic_runs,,HE_CType2_2023_100_25832_etrs89-utm32n.asc,,DroughtStressThreshold,0.56,5,
119,True,fixed,auto,SM_sfix_hauto,sim_sensitivity.json,crop.json,site.json,False,dwd/csvs,dwd/csvs/germany_ubn_1951-01-01_to_2024-08-30,,,,,,2023-01-01,2023-12-31,False,False,True,True,True,False,False,True,False,True,False,False,False,,,0.98,,historic_runs,,HE_CType2_2023_100_25832_etrs89-utm32n.asc,,DroughtStressThreshold,0.56,6,
120,True,fixed,auto,WW_sfix_hauto,sim_sensitivity.json,crop.json,site.json,False,dwd/csvs,dwd/csvs/germany_ubn_1951-01-01_to_2024-08-30,,,,,,2016-01-01,2017-12-31,False,False,True,True,True,False,False,True,False,True,False,False,False,,,,,historic_runs,,HE_CType3_2017_100_25832_etrs89-utm32n.asc,,DroughtStressThreshold,0.63,1,
121,True,fixed,auto,WW_sfix_hauto,sim_sensitivity.json,crop.json,site.json,False,dwd/csvs,dwd/csvs/germany_ubn_1951-01-01_to_2024-08-30,,,,,,2016-01-01,2017-12-31,False,False,True,True,True,False,False,True,False,True,False,False,False,,,,,historic_runs,,HE_CType3_2017_100_25832_etrs89-utm32n.asc,,DroughtStressThreshold,0.7,2,
122,True,fixed,auto,WW_sfix_hauto,sim_sensitivity.json,crop.json,site.json,False,dwd/csvs,dwd/csvs/germany_ubn_1951-01-01_to_2024-08-30,,,,,,2016-01-01,2017-12-31,False,False,True,True,True,False,False,True,False,True,False,False,False,,,,,historic_runs,,HE_CType3_2017_100_25832_etrs89-utm32n.asc,,DroughtStressThreshold,0.7,3,
123,True,fixed,auto,WW_sfix_hauto,sim_sensitivity.json,crop.json,site.json,False,dwd/csvs,dwd/csvs/germany_ubn_1951-01-01_to_2024-08-30,,,,,,2016-01-01,2017-12-31,False,False,True,True,True,False,False,True,False,True,False,False,False,,,,,historic_runs,,HE_CType3_2017_100_25832_etrs89-utm32n.asc,,DroughtStressThreshold,0.63,4,
124,True,fixed,auto,WW_sfix_hauto,sim_sensitivity.json,crop.json,site.json,False,dwd/csvs,dwd/csvs/germany_ubn_1951-01-01_to_2024-08-30,,,,,,2016-01-01,2017-12-31,False,False,True,True,True,False,False,True,False,True,False,False,False,,,,,historic_runs,,HE_CType3_2017_100_25832_etrs89-utm32n.asc,,DroughtStressThreshold,0.56,5,
125,True,fixed,auto,WW_sfix_hauto,sim_sensitivity.json,crop.json,site.json,False,dwd/csvs,dwd/csvs/germany_ubn_1951-01-01_to_2024-08-30,,,,,,2017-01-01,2018-12-31,False,False,True,True,True,False,False,True,False,True,False,False,False,,,,,historic_runs,,HE_CType3_2018_100_25832_etrs89-utm32n.asc,,DroughtStressThreshold,0.63,1,
126,True,fixed,auto,WW_sfix_hauto,sim_sensitivity.json,crop.json,site.json,False,dwd/csvs,dwd/csvs/germany_ubn_1951-01-01_to_2024-08-30,,,,,,2017-01-01,2018-12-31,False,False,True,True,True,False,False,True,False,True,False,False,False,,,,,historic_runs,,HE_CType3_2018_100_25832_etrs89-utm32n.asc,,DroughtStressThreshold,0.7,2,
127,True,fixed,auto,WW_sfix_hauto,sim_sensitivity.json,crop.json,site.json,False,dwd/csvs,dwd/csvs/germany_ubn_1951-01-01_to_2024-08-30,,,,,,2017-01-01,2018-12-31,False,False,True,True,True,False,False,True,False,True,False,False,False,,,,,historic_runs,,HE_CType3_2018_100_25832_etrs89-utm32n.asc,,DroughtStressThreshold,0.7,3,
128,True,fixed,auto,WW_sfix_hauto,sim_sensitivity.json,crop.json,site.json,False,dwd/csvs,dwd/csvs/germany_ubn_1951-01-01_to_2024-08-30,,,,,,2017-01-01,2018-12-31,False,False,True,True,True,False,False,True,False,True,False,False,False,,,,,historic_runs,,HE_CType3_2018_100_25832_etrs89-utm32n.asc,,DroughtStressThreshold,0.63,4,
129,True,fixed,auto,WW_sfix_hauto,sim_sensitivity.json,crop.json,site.json,False,dwd/csvs,dwd/csvs/germany_ubn_1951-01-01_to_2024-08-30,,,,,,2017-01-01,2018-12-31,False,False,True,True,True,False,False,True,False,True,False,False,False,,,,,historic_runs,,HE_CType3_2018_100_25832_etrs89-utm32n.asc,,DroughtStressThreshold,0.56,5,
130,True,fixed,auto,WW_sfix_hauto,sim_sensitivity.json,crop.json,site.json,False,dwd/csvs,dwd/csvs/germany_ubn_1951-01-01_to_2024-08-30,,,,,,2018-01-01,2019-12-31,False,False,True,True,True,False,False,True,False,True,False,False,False,,,,,historic_runs,,HE_CType3_2019_100_25832_etrs89-utm32n.asc,,DroughtStressThreshold,0.63,1,
131,True,fixed,auto,WW_sfix_hauto,sim_sensitivity.json,crop.json,site.json,False,dwd/csvs,dwd/csvs/germany_ubn_1951-01-01_to_2024-08-30,,,,,,2018-01-01,2019-12-31,False,False,True,True,True,False,False,True,False,True,False,False,False,,,,,historic_runs,,HE_CType3_2019_100_25832_etrs89-utm32n.asc,,DroughtStressThreshold,0.7,2,
132,True,fixed,auto,WW_sfix_hauto,sim_sensitivity.json,crop.json,site.json,False,dwd/csvs,dwd/csvs/germany_ubn_1951-01-01_to_2024-08-30,,,,,,2018-01-01,2019-12-31,False,False,True,True,True,False,False,True,False,True,False,False,False,,,,,historic_runs,,HE_CType3_2019_100_25832_etrs89-utm32n.asc,,DroughtStressThreshold,0.7,3,
133,True,fixed,auto,WW_sfix_hauto,sim_sensitivity.json,crop.json,site.json,False,dwd/csvs,dwd/csvs/germany_ubn_1951-01-01_to_2024-08-30,,,,,,2018-01-01,2019-12-31,False,False,True,True,True,False,False,True,False,True,False,False,False,,,,,historic_runs,,HE_CType3_2019_100_25832_etrs89-utm32n.asc,,DroughtStressThreshold,0.63,4,
134,True,fixed,auto,WW_sfix_hauto,sim_sensitivity.json,crop.json,site.json,False,dwd/csvs,dwd/csvs/germany_ubn_1951-01-01_to_2024-08-30,,,,,,2018-01-01,2019-12-31,False,False,True,True,True,False,False,True,False,True,False,False,False,,,,,historic_runs,,HE_CType3_2019_100_25832_etrs89-utm32n.asc,,DroughtStressThreshold,0.56,5,
135,True,fixed,auto,WW_sfix_hauto,sim_sensitivity.json,crop.json,site.json,False,dwd/csvs,dwd/csvs/germany_ubn_1951-01-01_to_2024-08-30,,,,,,2019-01-01,2020-12-31,False,False,True,True,True,False,False,True,False,True,False,False,False,,,,,historic_runs,,HE_CType3_2020_100_25832_etrs89-utm32n.asc,,DroughtStressThreshold,0.63,1,
136,True,fixed,auto,WW_sfix_hauto,sim_sensitivity.json,crop.json,site.json,False,dwd/csvs,dwd/csvs/germany_ubn_1951-01-01_to_2024-08-30,,,,,,2019-01-01,2020-12-31,False,False,True,True,True,False,False,True,False,True,False,False,False,,,,,historic_runs,,HE_CType3_2020_100_25832_etrs89-utm32n.asc,,DroughtStressThreshold,0.7,2,
137,True,fixed,auto,WW_sfix_hauto,sim_sensitivity.json,crop.json,site.json,False,dwd/csvs,dwd/csvs/germany_ubn_1951-01-01_to_2024-08-30,,,,,,2019-01-01,2020-12-31,False,False,True,True,True,False,False,True,False,True,False,False,False,,,,,historic_runs,,HE_CType3_2020_100_25832_etrs89-utm32n.asc,,DroughtStressThreshold,0.7,3,
138,True,fixed,auto,WW_sfix_hauto,sim_sensitivity.json,crop.json,site.json,False,dwd/csvs,dwd/csvs/germany_ubn_1951-01-01_to_2024-08-30,,,,,,2019-01-01,2020-12-31,False,False,True,True,True,False,False,True,False,True,False,False,False,,,,,historic_runs,,HE_CType3_2020_100_25832_etrs89-utm32n.asc,,DroughtStressThreshold,0.63,4,
139,True,fixed,auto,WW_sfix_hauto,sim_sensitivity.json,crop.json,site.json,False,dwd/csvs,dwd/csvs/germany_ubn_1951-01-01_to_2024-08-30,,,,,,2019-01-01,2020-12-31,False,False,True,True,True,False,False,True,False,True,False,False,False,,,,,historic_runs,,HE_CType3_2020_100_25832_etrs89-utm32n.asc,,DroughtStressThreshold,0.56,5,
140,True,fixed,auto,WW_sfix_hauto,sim_sensitivity.json,crop.json,site.json,False,dwd/csvs,dwd/csvs/germany_ubn_1951-01-01_to_2024-08-30,,,,,,2020-01-01,2021-12-31,False,False,True,True,True,False,False,True,False,True,False,False,False,,,,,historic_runs,,HE_CType3_2021_100_25832_etrs89-utm32n.asc,,DroughtStressThreshold,0.63,1,
141,True,fixed,auto,WW_sfix_hauto,sim_sensitivity.json,crop.json,site.json,False,dwd/csvs,dwd/csvs/germany_ubn_1951-01-01_to_2024-08-30,,,,,,2020-01-01,2021-12-31,False,False,True,True,True,False,False,True,False,True,False,False,False,,,,,historic_runs,,HE_CType3_2021_100_25832_etrs89-utm32n.asc,,DroughtStressThreshold,0.7,2,
142,True,fixed,auto,WW_sfix_hauto,sim_sensitivity.json,crop.json,site.json,False,dwd/csvs,dwd/csvs/germany_ubn_1951-01-01_to_2024-08-30,,,,,,2020-01-01,2021-12-31,False,False,True,True,True,False,False,True,False,True,False,False,False,,,,,historic_runs,,HE_CType3_2021_100_25832_etrs89-utm32n.asc,,DroughtStressThreshold,0.7,3,
143,True,fixed,auto,WW_sfix_hauto,sim_sensitivity.json,crop.json,site.json,False,dwd/csvs,dwd/csvs/germany_ubn_1951-01-01_to_2024-08-30,,,,,,2020-01-01,2021-12-31,False,False,True,True,True,False,False,True,False,True,False,False,False,,,,,historic_runs,,HE_CType3_2021_100_25832_etrs89-utm32n.asc,,DroughtStressThreshold,0.63,4,
144,True,fixed,auto,WW_sfix_hauto,sim_sensitivity.json,crop.json,site.json,False,dwd/csvs,dwd/csvs/germany_ubn_1951-01-01_to_2024-08-30,,,,,,2020-01-01,2021-12-31,False,False,True,True,True,False,False,True,False,True,False,False,False,,,,,historic_runs,,HE_CType3_2021_100_25832_etrs89-utm32n.asc,,DroughtStressThreshold,0.56,5,
145,True,fixed,auto,WW_sfix_hauto,sim_sensitivity.json,crop.json,site.json,False,dwd/csvs,dwd/csvs/germany_ubn_1951-01-01_to_2024-08-30,,,,,,2021-01-01,2022-12-31,False,False,True,True,True,False,False,True,False,True,False,False,False,,,,,historic_runs,,HE_CType3_2022_100_25832_etrs89-utm32n.asc,,DroughtStressThreshold,0.63,1,
146,True,fixed,auto,WW_sfix_hauto,sim_sensitivity.json,crop.json,site.json,False,dwd/csvs,dwd/csvs/germany_ubn_1951-01-01_to_2024-08-30,,,,,,2021-01-01,2022-12-31,False,False,True,True,True,False,False,True,False,True,False,False,False,,,,,historic_runs,,HE_CType3_2022_100_25832_etrs89-utm32n.asc,,DroughtStressThreshold,0.7,2,
147,True,fixed,auto,WW_sfix_hauto,sim_sensitivity.json,crop.json,site.json,False,dwd/csvs,dwd/csvs/germany_ubn_1951-01-01_to_2024-08-30,,,,,,2021-01-01,2022-12-31,False,False,True,True,True,False,False,True,False,True,False,False,False,,,,,historic_runs,,HE_CType3_2022_100_25832_etrs89-utm32n.asc,,DroughtStressThreshold,0.7,3,
148,True,fixed,auto,WW_sfix_hauto,sim_sensitivity.json,crop.json,site.json,False,dwd/csvs,dwd/csvs/germany_ubn_1951-01-01_to_2024-08-30,,,,,,2021-01-01,2022-12-31,False,False,True,True,True,False,False,True,False,True,False,False,False,,,,,historic_runs,,HE_CType3_2022_100_25832_etrs89-utm32n.asc,,DroughtStressThreshold,0.63,4,
149,True,fixed,auto,WW_sfix_hauto,sim_sensitivity.json,crop.json,site.json,False,dwd/csvs,dwd/csvs/germany_ubn_1951-01-01_to_2024-08-30,,,,,,2021-01-01,2022-12-31,False,False,True,True,True,False,False,True,False,True,False,False,False,,,,,historic_runs,,HE_CType3_2022_100_25832_etrs89-utm32n.asc,,DroughtStressThreshold,0.56,5,
150,True,fixed,auto,WW_sfix_hauto,sim_sensitivity.json,crop.json,site.json,False,dwd/csvs,dwd/csvs/germany_ubn_1951-01-01_to_2024-08-30,,,,,,2022-01-01,2023-12-31,False,False,True,True,True,False,False,True,False,True,False,False,False,,,,,historic_runs,,HE_CType3_2023_100_25832_etrs89-utm32n.asc,,DroughtStressThreshold,0.63,1,
151,True,fixed,auto,WW_sfix_hauto,sim_sensitivity.json,crop.json,site.json,False,dwd/csvs,dwd/csvs/germany_ubn_1951-01-01_to_2024-08-30,,,,,,2022-01-01,2023-12-31,False,False,True,True,True,False,False,True,False,True,False,False,False,,,,,historic_runs,,HE_CType3_2023_100_25832_etrs89-utm32n.asc,,DroughtStressThreshold,0.7,2,
152,True,fixed,auto,WW_sfix_hauto,sim_sensitivity.json,crop.json,site.json,False,dwd/csvs,dwd/csvs/germany_ubn_1951-01-01_to_2024-08-30,,,,,,2022-01-01,2023-12-31,False,False,True,True,True,False,False,True,False,True,False,False,False,,,,,historic_runs,,HE_CType3_2023_100_25832_etrs89-utm32n.asc,,DroughtStressThreshold,0.7,3,
153,True,fixed,auto,WW_sfix_hauto,sim_sensitivity.json,crop.json,site.json,False,dwd/csvs,dwd/csvs/germany_ubn_1951-01-01_to_2024-08-30,,,,,,2022-01-01,2023-12-31,False,False,True,True,True,False,False,True,False,True,False,False,False,,,,,historic_runs,,HE_CType3_2023_100_25832_etrs89-utm32n.asc,,DroughtStressThreshold,0.63,4,
154,True,fixed,auto,WW_sfix_hauto,sim_sensitivity.json,crop.json,site.json,False,dwd/csvs,dwd/csvs/germany_ubn_1951-01-01_to_2024-08-30,,,,,,2022-01-01,2023-12-31,False,False,True,True,True,False,False,True,False,True,False,False,False,,,,,historic_runs,,HE_CType3_2023_100_25832_etrs89-utm32n.asc,,DroughtStressThreshold,0.56,5,
155,True,fixed,auto,SM_sfix_hauto,sim_sensitivity.json,crop.json,site.json,False,dwd/csvs,dwd/csvs/germany_ubn_1951-01-01_to_2024-08-30,,,,,,2017-01-01,2017-12-31,False,False,True,True,True,False,False,True,False,True,False,False,False,,,0.98,,historic_runs,,BAV_CType2_2017_100_25832_etrs89-utm32n.asc,,DroughtStressThreshold,0.56,1,
156,True,fixed,auto,SM_sfix_hauto,sim_sensitivity.json,crop.json,site.json,False,dwd/csvs,dwd/csvs/germany_ubn_1951-01-01_to_2024-08-30,,,,,,2017-01-01,2017-12-31,False,False,True,True,True,False,False,True,False,True,False,False,False,,,0.98,,historic_runs,,BAV_CType2_2017_100_25832_etrs89-utm32n.asc,,DroughtStressThreshold,0.56,2,
157,True,fixed,auto,SM_sfix_hauto,sim_sensitivity.json,crop.json,site.json,False,dwd/csvs,dwd/csvs/germany_ubn_1951-01-01_to_2024-08-30,,,,,,2017-01-01,2017-12-31,False,False,True,True,True,False,False,True,False,True,False,False,False,,,0.98,,historic_runs,,BAV_CType2_2017_100_25832_etrs89-utm32n.asc,,DroughtStressThreshold,0.56,3,
158,True,fixed,auto,SM_sfix_hauto,sim_sensitivity.json,crop.json,site.json,False,dwd/csvs,dwd/csvs/germany_ubn_1951-01-01_to_2024-08-30,,,,,,2017-01-01,2017-12-31,False,False,True,True,True,False,False,True,False,True,False,False,False,,,0.98,,historic_runs,,BAV_CType2_2017_100_25832_etrs89-utm32n.asc,,DroughtStressThreshold,0.56,4,
159,True,fixed,auto,SM_sfix_hauto,sim_sensitivity.json,crop.json,site.json,False,dwd/csvs,dwd/csvs/germany_ubn_1951-01-01_to_2024-08-30,,,,,,2017-01-01,2017-12-31,False,False,True,True,True,False,False,True,False,True,False,False,False,,,0.98,,historic_runs,,BAV_CType2_2017_100_25832_etrs89-utm32n.asc,,DroughtStressThreshold,0.56,5,
160,True,fixed,auto,SM_sfix_hauto,sim_sensitivity.json,crop.json,site.json,False,dwd/csvs,dwd/csvs/germany_ubn_1951-01-01_to_2024-08-30,,,,,,2017-01-01,2017-12-31,False,False,True,True,True,False,False,True,False,True,False,False,False,,,0.98,,historic_runs,,BAV_CType2_2017_100_25832_etrs89-utm32n.asc,,DroughtStressThreshold,0.56,6,
161,True,fixed,auto,SM_sfix_hauto,sim_sensitivity.json,crop.json,site.json,False,dwd/csvs,dwd/csvs/germany_ubn_1951-01-01_to_2024-08-30,,,,,,2018-01-01,2018-12-31,False,False,True,True,True,False,False,True,False,True,False,False,False,,,0.98,,historic_runs,,BAV_CType2_2018_100_25832_etrs89-utm32n.asc,,DroughtStressThreshold,0.56,1,
162,True,fixed,auto,SM_sfix_hauto,sim_sensitivity.json,crop.json,site.json,False,dwd/csvs,dwd/csvs/germany_ubn_1951-01-01_to_2024-08-30,,,,,,2018-01-01,2018-12-31,False,False,True,True,True,False,False,True,False,True,False,False,False,,,0.98,,historic_runs,,BAV_CType2_2018_100_25832_etrs89-utm32n.asc,,DroughtStressThreshold,0.56,2,
163,True,fixed,auto,SM_sfix_hauto,sim_sensitivity.json,crop.json,site.json,False,dwd/csvs,dwd/csvs/germany_ubn_1951-01-01_to_2024-08-30,,,,,,2018-01-01,2018-12-31,False,False,True,True,True,False,False,True,False,True,False,False,False,,,0.98,,historic_runs,,BAV_CType2_2018_100_25832_etrs89-utm32n.asc,,DroughtStressThreshold,0.56,3,
164,True,fixed,auto,SM_sfix_hauto,sim_sensitivity.json,crop.json,site.json,False,dwd/csvs,dwd/csvs/germany_ubn_1951-01-01_to_2024-08-30,,,,,,2018-01-01,2018-12-31,False,False,True,True,True,False,False,True,False,True,False,False,False,,,0.98,,historic_runs,,BAV_CType2_2018_100_25832_etrs89-utm32n.asc,,DroughtStressThreshold,0.56,4,
165,True,fixed,auto,SM_sfix_hauto,sim_sensitivity.json,crop.json,site.json,False,dwd/csvs,dwd/csvs/germany_ubn_1951-01-01_to_2024-08-30,,,,,,2018-01-01,2018-12-31,False,False,True,True,True,False,False,True,False,True,False,False,False,,,0.98,,historic_runs,,BAV_CType2_2018_100_25832_etrs89-utm32n.asc,,DroughtStressThreshold,0.56,5,
166,True,fixed,auto,SM_sfix_hauto,sim_sensitivity.json,crop.json,site.json,False,dwd/csvs,dwd/csvs/germany_ubn_1951-01-01_to_2024-08-30,,,,,,2018-01-01,2018-12-31,False,False,True,True,True,False,False,True,False,True,False,False,False,,,0.98,,historic_runs,,BAV_CType2_2018_100_25832_etrs89-utm32n.asc,,DroughtStressThreshold,0.56,6,
167,True,fixed,auto,SM_sfix_hauto,sim_sensitivity.json,crop.json,site.json,False,dwd/csvs,dwd/csvs/germany_ubn_1951-01-01_to_2024-08-30,,,,,,2019-01-01,2019-12-31,False,False,True,True,True,False,False,True,False,True,False,False,False,,,0.98,,historic_runs,,BAV_CType2_2019_100_25832_etrs89-utm32n.asc,,DroughtStressThreshold,0.56,1,
168,True,fixed,auto,SM_sfix_hauto,sim_sensitivity.json,crop.json,site.json,False,dwd/csvs,dwd/csvs/germany_ubn_1951-01-01_to_2024-08-30,,,,,,2019-01-01,2019-12-31,False,False,True,True,True,False,False,True,False,True,False,False,False,,,0.98,,historic_runs,,BAV_CType2_2019_100_25832_etrs89-utm32n.asc,,DroughtStressThreshold,0.56,2,
169,True,fixed,auto,SM_sfix_hauto,sim_sensitivity.json,crop.json,site.json,False,dwd/csvs,dwd/csvs/germany_ubn_1951-01-01_to_2024-08-30,,,,,,2019-01-01,2019-12-31,False,False,True,True,True,False,False,True,False,True,False,False,False,,,0.98,,historic_runs,,BAV_CType2_2019_100_25832_etrs89-utm32n.asc,,DroughtStressThreshold,0.56,3,
170,True,fixed,auto,SM_sfix_hauto,sim_sensitivity.json,crop.json,site.json,False,dwd/csvs,dwd/csvs/germany_ubn_1951-01-01_to_2024-08-30,,,,,,2019-01-01,2019-12-31,False,False,True,True,True,False,False,True,False,True,False,False,False,,,0.98,,historic_runs,,BAV_CType2_2019_100_25832_etrs89-utm32n.asc,,DroughtStressThreshold,0.56,4,
171,True,fixed,auto,SM_sfix_hauto,sim_sensitivity.json,crop.json,site.json,False,dwd/csvs,dwd/csvs/germany_ubn_1951-01-01_to_2024-08-30,,,,,,2019-01-01,2019-12-31,False,False,True,True,True,False,False,True,False,True,False,False,False,,,0.98,,historic_runs,,BAV_CType2_2019_100_25832_etrs89-utm32n.asc,,DroughtStressThreshold,0.56,5,
172,True,fixed,auto,SM_sfix_hauto,sim_sensitivity.json,crop.json,site.json,False,dwd/csvs,dwd/csvs/germany_ubn_1951-01-01_to_2024-08-30,,,,,,2019-01-01,2019-12-31,False,False,True,True,True,False,False,True,False,True,False,False,False,,,0.98,,historic_runs,,BAV_CType2_2019_100_25832_etrs89-utm32n.asc,,DroughtStressThreshold,0.56,6,
173,True,fixed,auto,SM_sfix_hauto,sim_sensitivity.json,crop.json,site.json,False,dwd/csvs,dwd/csvs/germany_ubn_1951-01-01_to_2024-08-30,,,,,,2020-01-01,2020-12-31,False,False,True,True,True,False,False,True,False,True,False,False,False,,,0.98,,historic_runs,,BAV_CType2_2020_100_25832_etrs89-utm32n.asc,,DroughtStressThreshold,0.56,1,
174,True,fixed,auto,SM_sfix_hauto,sim_sensitivity.json,crop.json,site.json,False,dwd/csvs,dwd/csvs/germany_ubn_1951-01-01_to_2024-08-30,,,,,,2020-01-01,2020-12-31,False,False,True,True,True,False,False,True,False,True,False,False,False,,,0.98,,historic_runs,,BAV_CType2_2020_100_25832_etrs89-utm32n.asc,,DroughtStressThreshold,0.56,2,
175,True,fixed,auto,SM_sfix_hauto,sim_sensitivity.json,crop.json,site.json,False,dwd/csvs,dwd/csvs/germany_ubn_1951-01-01_to_2024-08-30,,,,,,2020-01-01,2020-12-31,False,False,True,True,True,False,False,True,False,True,False,False,False,,,0.98,,historic_runs,,BAV_CType2_2020_100_25832_etrs89-utm32n.asc,,DroughtStressThreshold,0.56,3,
176,True,fixed,auto,SM_sfix_hauto,sim_sensitivity.json,crop.json,site.json,False,dwd/csvs,dwd/csvs/germany_ubn_1951-01-01_to_2024-08-30,,,,,,2020-01-01,2020-12-31,False,False,True,True,True,False,False,True,False,True,False,False,False,,,0.98,,historic_runs,,BAV_CType2_2020_100_25832_etrs89-utm32n.asc,,DroughtStressThreshold,0.56,4,
177,True,fixed,auto,SM_sfix_hauto,sim_sensitivity.json,crop.json,site.json,False,dwd/csvs,dwd/csvs/germany_ubn_1951-01-01_to_2024-08-30,,,,,,2020-01-01,2020-12-31,False,False,True,True,True,False,False,True,False,True,False,False,False,,,0.98,,historic_runs,,BAV_CType2_2020_100_25832_etrs89-utm32n.asc,,DroughtStressThreshold,0.56,5,
178,True,fixed,auto,SM_sfix_hauto,sim_sensitivity.json,crop.json,site.json,False,dwd/csvs,dwd/csvs/germany_ubn_1951-01-01_to_2024-08-30,,,,,,2020-01-01,2020-12-31,False,False,True,True,True,False,False,True,False,True,False,False,False,,,0.98,,historic_runs,,BAV_CType2_2020_100_25832_etrs89-utm32n.asc,,DroughtStressThreshold,0.56,6,
179,True,fixed,auto,SM_sfix_hauto,sim_sensitivity.json,crop.json,site.json,False,dwd/csvs,dwd/csvs/germany_ubn_1951-01-01_to_2024-08-30,,,,,,2021-01-01,2021-12-31,False,False,True,True,True,False,False,True,False,True,False,False,False,,,0.98,,historic_runs,,BAV_CType2_2021_100_25832_etrs89-utm32n.asc,,DroughtStressThreshold,0.56,1,
180,True,fixed,auto,SM_sfix_hauto,sim_sensitivity.json,crop.json,site.json,False,dwd/csvs,dwd/csvs/germany_ubn_1951-01-01_to_2024-08-30,,,,,,2021-01-01,2021-12-31,False,False,True,True,True,False,False,True,False,True,False,False,False,,,0.98,,historic_runs,,BAV_CType2_2021_100_25832_etrs89-utm32n.asc,,DroughtStressThreshold,0.56,2,
181,True,fixed,auto,SM_sfix_hauto,sim_sensitivity.json,crop.json,site.json,False,dwd/csvs,dwd/csvs/germany_ubn_1951-01-01_to_2024-08-30,,,,,,2021-01-01,2021-12-31,False,False,True,True,True,False,False,True,False,True,False,False,False,,,0.98,,historic_runs,,BAV_CType2_2021_100_25832_etrs89-utm32n.asc,,DroughtStressThreshold,0.56,3,
182,True,fixed,auto,SM_sfix_hauto,sim_sensitivity.json,crop.json,site.json,False,dwd/csvs,dwd/csvs/germany_ubn_1951-01-01_to_2024-08-30,,,,,,2021-01-01,2021-12-31,False,False,True,True,True,False,False,True,False,True,False,False,False,,,0.98,,historic_runs,,BAV_CType2_2021_100_25832_etrs89-utm32n.asc,,DroughtStressThreshold,0.56,4,
183,True,fixed,auto,SM_sfix_hauto,sim_sensitivity.json,crop.json,site.json,False,dwd/csvs,dwd/csvs/germany_ubn_1951-01-01_to_2024-08-30,,,,,,2021-01-01,2021-12-31,False,False,True,True,True,False,False,True,False,True,False,False,False,,,0.98,,historic_runs,,BAV_CType2_2021_100_25832_etrs89-utm32n.asc,,DroughtStressThreshold,0.56,5,
184,True,fixed,auto,SM_sfix_hauto,sim_sensitivity.json,crop.json,site.json,False,dwd/csvs,dwd/csvs/germany_ubn_1951-01-01_to_2024-08-30,,,,,,2021-01-01,2021-12-31,False,False,True,True,True,False,False,True,False,True,False,False,False,,,0.98,,historic_runs,,BAV_CType2_2021_100_25832_etrs89-utm32n.asc,,DroughtStressThreshold,0.56,6,
185,True,fixed,auto,SM_sfix_hauto,sim_sensitivity.json,crop.json,site.json,False,dwd/csvs,dwd/csvs/germany_ubn_1951-01-01_to_2024-08-30,,,,,,2022-01-01,2022-12-31,False,False,True,True,True,False,False,True,False,True,False,False,False,,,0.98,,historic_runs,,BAV_CType2_2022_100_25832_etrs89-utm32n.asc,,DroughtStressThreshold,0.56,1,
186,True,fixed,auto,SM_sfix_hauto,sim_sensitivity.json,crop.json,site.json,False,dwd/csvs,dwd/csvs/germany_ubn_1951-01-01_to_2024-08-30,,,,,,2022-01-01,2022-12-31,False,False,True,True,True,False,False,True,False,True,False,False,False,,,0.98,,historic_runs,,BAV_CType2_2022_100_25832_etrs89-utm32n.asc,,DroughtStressThreshold,0.56,2,
187,True,fixed,auto,SM_sfix_hauto,sim_sensitivity.json,crop.json,site.json,False,dwd/csvs,dwd/csvs/germany_ubn_1951-01-01_to_2024-08-30,,,,,,2022-01-01,2022-12-31,False,False,True,True,True,False,False,True,False,True,False,False,False,,,0.98,,historic_runs,,BAV_CType2_2022_100_25832_etrs89-utm32n.asc,,DroughtStressThreshold,0.56,3,
188,True,fixed,auto,SM_sfix_hauto,sim_sensitivity.json,crop.json,site.json,False,dwd/csvs,dwd/csvs/germany_ubn_1951-01-01_to_2024-08-30,,,,,,2022-01-01,2022-12-31,False,False,True,True,True,False,False,True,False,True,False,False,False,,,0.98,,historic_runs,,BAV_CType2_2022_100_25832_etrs89-utm32n.asc,,DroughtStressThreshold,0.56,4,
189,True,fixed,auto,SM_sfix_hauto,sim_sensitivity.json,crop.json,site.json,False,dwd/csvs,dwd/csvs/germany_ubn_1951-01-01_to_2024-08-30,,,,,,2022-01-01,2022-12-31,False,False,True,True,True,False,False,True,False,True,False,False,False,,,0.98,,historic_runs,,BAV_CType2_2022_100_25832_etrs89-utm32n.asc,,DroughtStressThreshold,0.56,5,
190,True,fixed,auto,SM_sfix_hauto,sim_sensitivity.json,crop.json,site.json,False,dwd/csvs,dwd/csvs/germany_ubn_1951-01-01_to_2024-08-30,,,,,,2022-01-01,2022-12-31,False,False,True,True,True,False,False,True,False,True,False,False,False,,,0.98,,historic_runs,,BAV_CType2_2022_100_25832_etrs89-utm32n.asc,,DroughtStressThreshold,0.56,6,
191,True,fixed,auto,SM_sfix_hauto,sim_sensitivity.json,crop.json,site.json,False,dwd/csvs,dwd/csvs/germany_ubn_1951-01-01_to_2024-08-30,,,,,,2023-01-01,2023-12-31,False,False,True,True,True,False,False,True,False,True,False,False,False,,,0.98,,historic_runs,,BAV_CType2_2023_100_25832_etrs89-utm32n.asc,,DroughtStressThreshold,0.56,1,
192,True,fixed,auto,SM_sfix_hauto,sim_sensitivity.json,crop.json,site.json,False,dwd/csvs,dwd/csvs/germany_ubn_1951-01-01_to_2024-08-30,,,,,,2023-01-01,2023-12-31,False,False,True,True,True,False,False,True,False,True,False,False,False,,,0.98,,historic_runs,,BAV_CType2_2023_100_25832_etrs89-utm32n.asc,,DroughtStressThreshold,0.56,2,
193,True,fixed,auto,SM_sfix_hauto,sim_sensitivity.json,crop.json,site.json,False,dwd/csvs,dwd/csvs/germany_ubn_1951-01-01_to_2024-08-30,,,,,,2023-01-01,2023-12-31,False,False,True,True,True,False,False,True,False,True,False,False,False,,,0.98,,historic_runs,,BAV_CType2_2023_100_25832_etrs89-utm32n.asc,,DroughtStressThreshold,0.56,3,
194,True,fixed,auto,SM_sfix_hauto,sim_sensitivity.json,crop.json,site.json,False,dwd/csvs,dwd/csvs/germany_ubn_1951-01-01_to_2024-08-30,,,,,,2023-01-01,2023-12-31,False,False,True,True,True,False,False,True,False,True,False,False,False,,,0.98,,historic_runs,,BAV_CType2_2023_100_25832_etrs89-utm32n.asc,,DroughtStressThreshold,0.56,4,
195,True,fixed,auto,SM_sfix_hauto,sim_sensitivity.json,crop.json,site.json,False,dwd/csvs,dwd/csvs/germany_ubn_1951-01-01_to_2024-08-30,,,,,,2023-01-01,2023-12-31,False,False,True,True,True,False,False,True,False,True,False,False,False,,,0.98,,historic_runs,,BAV_CType2_2023_100_25832_etrs89-utm32n.asc,,DroughtStressThreshold,0.56,5,
196,True,fixed,auto,SM_sfix_hauto,sim_sensitivity.json,crop.json,site.json,False,dwd/csvs,dwd/csvs/germany_ubn_1951-01-01_to_2024-08-30,,,,,,2023-01-01,2023-12-31,False,False,True,True,True,False,False,True,False,True,False,False,False,,,0.98,,historic_runs,,BAV_CType2_2023_100_25832_etrs89-utm32n.asc,,DroughtStressThreshold,0.56,6,
197,True,fixed,auto,WW_sfix_hauto,sim_sensitivity.json,crop.json,site.json,False,dwd/csvs,dwd/csvs/germany_ubn_1951-01-01_to_2024-08-30,,,,,,2016-01-01,2017-12-31,False,False,True,True,True,False,False,True,False,True,False,False,False,,,1.0,,historic_runs,,BAV_CType3_2017_100_25832_etrs89-utm32n.asc,,DroughtStressThreshold,0.63,1,
198,True,fixed,auto,WW_sfix_hauto,sim_sensitivity.json,crop.json,site.json,False,dwd/csvs,dwd/csvs/germany_ubn_1951-01-01_to_2024-08-30,,,,,,2016-01-01,2017-12-31,False,False,True,True,True,False,False,True,False,True,False,False,False,,,1.0,,historic_runs,,BAV_CType3_2017_100_25832_etrs89-utm32n.asc,,DroughtStressThreshold,0.7,2,
199,True,fixed,auto,WW_sfix_hauto,sim_sensitivity.json,crop.json,site.json,False,dwd/csvs,dwd/csvs/germany_ubn_1951-01-01_to_2024-08-30,,,,,,2016-01-01,2017-12-31,False,False,True,True,True,False,False,True,False,True,False,False,False,,,1.0,,historic_runs,,BAV_CType3_2017_100_25832_etrs89-utm32n.asc,,DroughtStressThreshold,0.7,3,
200,True,fixed,auto,WW_sfix_hauto,sim_sensitivity.json,crop.json,site.json,False,dwd/csvs,dwd/csvs/germany_ubn_1951-01-01_to_2024-08-30,,,,,,2016-01-01,2017-12-31,False,False,True,True,True,False,False,True,False,True,False,False,False,,,1.0,,historic_runs,,BAV_CType3_2017_100_25832_etrs89-utm32n.asc,,DroughtStressThreshold,0.63,4,
201,True,fixed,auto,WW_sfix_hauto,sim_sensitivity.json,crop.json,site.json,False,dwd/csvs,dwd/csvs/germany_ubn_1951-01-01_to_2024-08-30,,,,,,2016-01-01,2017-12-31,False,False,True,True,True,False,False,True,False,True,False,False,False,,,1.0,,historic_runs,,BAV_CType3_2017_100_25832_etrs89-utm32n.asc,,DroughtStressThreshold,0.56,5,
202,True,fixed,auto,WW_sfix_hauto,sim_sensitivity.json,crop.json,site.json,False,dwd/csvs,dwd/csvs/germany_ubn_1951-01-01_to_2024-08-30,,,,,,2017-01-01,2018-12-31,False,False,True,True,True,False,False,True,False,True,False,False,False,,,1.0,,historic_runs,,BAV_CType3_2018_100_25832_etrs89-utm32n.asc,,DroughtStressThreshold,0.63,1,
203,True,fixed,auto,WW_sfix_hauto,sim_sensitivity.json,crop.json,site.json,False,dwd/csvs,dwd/csvs/germany_ubn_1951-01-01_to_2024-08-30,,,,,,2017-01-01,2018-12-31,False,False,True,True,True,False,False,True,False,True,False,False,False,,,1.0,,historic_runs,,BAV_CType3_2018_100_25832_etrs89-utm32n.asc,,DroughtStressThreshold,0.7,2,
204,True,fixed,auto,WW_sfix_hauto,sim_sensitivity.json,crop.json,site.json,False,dwd/csvs,dwd/csvs/germany_ubn_1951-01-01_to_2024-08-30,,,,,,2017-01-01,2018-12-31,False,False,True,True,True,False,False,True,False,True,False,False,False,,,1.0,,historic_runs,,BAV_CType3_2018_100_25832_etrs89-utm32n.asc,,DroughtStressThreshold,0.7,3,
205,True,fixed,auto,WW_sfix_hauto,sim_sensitivity.json,crop.json,site.json,False,dwd/csvs,dwd/csvs/germany_ubn_1951-01-01_to_2024-08-30,,,,,,2017-01-01,2018-12-31,False,False,True,True,True,False,False,True,False,True,False,False,False,,,1.0,,historic_runs,,BAV_CType3_2018_100_25832_etrs89-utm32n.asc,,DroughtStressThreshold,0.63,4,
206,True,fixed,auto,WW_sfix_hauto,sim_sensitivity.json,crop.json,site.json,False,dwd/csvs,dwd/csvs/germany_ubn_1951-01-01_to_2024-08-30,,,,,,2017-01-01,2018-12-31,False,False,True,True,True,False,False,True,False,True,False,False,False,,,1.0,,historic_runs,,BAV_CType3_2018_100_25832_etrs89-utm32n.asc,,DroughtStressThreshold,0.56,5,
207,True,fixed,auto,WW_sfix_hauto,sim_sensitivity.json,crop.json,site.json,False,dwd/csvs,dwd/csvs/germany_ubn_1951-01-01_to_2024-08-30,,,,,,2018-01-01,2019-12-31,False,False,True,True,True,False,False,True,False,True,False,False,False,,,1.0,,historic_runs,,BAV_CType3_2019_100_25832_etrs89-utm32n.asc,,DroughtStressThreshold,0.63,1,
208,True,fixed,auto,WW_sfix_hauto,sim_sensitivity.json,crop.json,site.json,False,dwd/csvs,dwd/csvs/germany_ubn_1951-01-01_to_2024-08-30,,,,,,2018-01-01,2019-12-31,False,False,True,True,True,False,False,True,False,True,False,False,False,,,1.0,,historic_runs,,BAV_CType3_2019_100_25832_etrs89-utm32n.asc,,DroughtStressThreshold,0.7,2,
209,True,fixed,auto,WW_sfix_hauto,sim_sensitivity.json,crop.json,site.json,False,dwd/csvs,dwd/csvs/germany_ubn_1951-01-01_to_2024-08-30,,,,,,2018-01-01,2019-12-31,False,False,True,True,True,False,False,True,False,True,False,False,False,,,1.0,,historic_runs,,BAV_CType3_2019_100_25832_etrs89-utm32n.asc,,DroughtStressThreshold,0.7,3,
210,True,fixed,auto,WW_sfix_hauto,sim_sensitivity.json,crop.json,site.json,False,dwd/csvs,dwd/csvs/germany_ubn_1951-01-01_to_2024-08-30,,,,,,2018-01-01,2019-12-31,False,False,True,True,True,False,False,True,False,True,False,False,False,,,1.0,,historic_runs,,BAV_CType3_2019_100_25832_etrs89-utm32n.asc,,DroughtStressThreshold,0.63,4,
211,True,fixed,auto,WW_sfix_hauto,sim_sensitivity.json,crop.json,site.json,False,dwd/csvs,dwd/csvs/germany_ubn_1951-01-01_to_2024-08-30,,,,,,2018-01-01,2019-12-31,False,False,True,True,True,False,False,True,False,True,False,False,False,,,1.0,,historic_runs,,BAV_CType3_2019_100_25832_etrs89-utm32n.asc,,DroughtStressThreshold,0.56,5,
212,True,fixed,auto,WW_sfix_hauto,sim_sensitivity.json,crop.json,site.json,False,dwd/csvs,dwd/csvs/germany_ubn_1951-01-01_to_2024-08-30,,,,,,2019-01-01,2020-12-31,False,False,True,True,True,False,False,True,False,True,False,False,False,,,1.0,,historic_runs,,BAV_CType3_2020_100_25832_etrs89-utm32n.asc,,DroughtStressThreshold,0.63,1,
213,True,fixed,auto,WW_sfix_hauto,sim_sensitivity.json,crop.json,site.json,False,dwd/csvs,dwd/csvs/germany_ubn_1951-01-01_to_2024-08-30,,,,,,2019-01-01,2020-12-31,False,False,True,True,True,False,False,True,False,True,False,False,False,,,1.0,,historic_runs,,BAV_CType3_2020_100_25832_etrs89-utm32n.asc,,DroughtStressThreshold,0.7,2,
214,True,fixed,auto,WW_sfix_hauto,sim_sensitivity.json,crop.json,site.json,False,dwd/csvs,dwd/csvs/germany_ubn_1951-01-01_to_2024-08-30,,,,,,2019-01-01,2020-12-31,False,False,True,True,True,False,False,True,False,True,False,False,False,,,1.0,,historic_runs,,BAV_CType3_2020_100_25832_etrs89-utm32n.asc,,DroughtStressThreshold,0.7,3,
215,True,fixed,auto,WW_sfix_hauto,sim_sensitivity.json,crop.json,site.json,False,dwd/csvs,dwd/csvs/germany_ubn_1951-01-01_to_2024-08-30,,,,,,2019-01-01,2020-12-31,False,False,True,True,True,False,False,True,False,True,False,False,False,,,1.0,,historic_runs,,BAV_CType3_2020_100_25832_etrs89-utm32n.asc,,DroughtStressThreshold,0.63,4,
216,True,fixed,auto,WW_sfix_hauto,sim_sensitivity.json,crop.json,site.json,False,dwd/csvs,dwd/csvs/germany_ubn_1951-01-01_to_2024-08-30,,,,,,2019-01-01,2020-12-31,False,False,True,True,True,False,False,True,False,True,False,False,False,,,1.0,,historic_runs,,BAV_CType3_2020_100_25832_etrs89-utm32n.asc,,DroughtStressThreshold,0.56,5,
217,True,fixed,auto,WW_sfix_hauto,sim_sensitivity.json,crop.json,site.json,False,dwd/csvs,dwd/csvs/germany_ubn_1951-01-01_to_2024-08-30,,,,,,2020-01-01,2021-12-31,False,False,True,True,True,False,False,True,False,True,False,False,False,,,1.0,,historic_runs,,BAV_CType3_2021_100_25832_etrs89-utm32n.asc,,DroughtStressThreshold,0.63,1,
218,True,fixed,auto,WW_sfix_hauto,sim_sensitivity.json,crop.json,site.json,False,dwd/csvs,dwd/csvs/germany_ubn_1951-01-01_to_2024-08-30,,,,,,2020-01-01,2021-12-31,False,False,True,True,True,False,False,True,False,True,False,False,False,,,1.0,,historic_runs,,BAV_CType3_2021_100_25832_etrs89-utm32n.asc,,DroughtStressThreshold,0.7,2,
219,True,fixed,auto,WW_sfix_hauto,sim_sensitivity.json,crop.json,site.json,False,dwd/csvs,dwd/csvs/germany_ubn_1951-01-01_to_2024-08-30,,,,,,2020-01-01,2021-12-31,False,False,True,True,True,False,False,True,False,True,False,False,False,,,1.0,,historic_runs,,BAV_CType3_2021_100_25832_etrs89-utm32n.asc,,DroughtStressThreshold,0.7,3,
220,True,fixed,auto,WW_sfix_hauto,sim_sensitivity.json,crop.json,site.json,False,dwd/csvs,dwd/csvs/germany_ubn_1951-01-01_to_2024-08-30,,,,,,2020-01-01,2021-12-31,False,False,True,True,True,False,False,True,False,True,False,False,False,,,1.0,,historic_runs,,BAV_CType3_2021_100_25832_etrs89-utm32n.asc,,DroughtStressThreshold,0.63,4,
221,True,fixed,auto,WW_sfix_hauto,sim_sensitivity.json,crop.json,site.json,False,dwd/csvs,dwd/csvs/germany_ubn_1951-01-01_to_2024-08-30,,,,,,2020-01-01,2021-12-31,False,False,True,True,True,False,False,True,False,True,False,False,False,,,1.0,,historic_runs,,BAV_CType3_2021_100_25832_etrs89-utm32n.asc,,DroughtStressThreshold,0.56,5,
222,True,fixed,auto,WW_sfix_hauto,sim_sensitivity.json,crop.json,site.json,False,dwd/csvs,dwd/csvs/germany_ubn_1951-01-01_to_2024-08-30,,,,,,2021-01-01,2022-12-31,False,False,True,True,True,False,False,True,False,True,False,False,False,,,1.0,,historic_runs,,BAV_CType3_2022_100_25832_etrs89-utm32n.asc,,DroughtStressThreshold,0.63,1,
223,True,fixed,auto,WW_sfix_hauto,sim_sensitivity.json,crop.json,site.json,False,dwd/csvs,dwd/csvs/germany_ubn_1951-01-01_to_2024-08-30,,,,,,2021-01-01,2022-12-31,False,False,True,True,True,False,False,True,False,True,False,False,False,,,1.0,,historic_runs,,BAV_CType3_2022_100_25832_etrs89-utm32n.asc,,DroughtStressThreshold,0.7,2,
224,True,fixed,auto,WW_sfix_hauto,sim_sensitivity.json,crop.json,site.json,False,dwd/csvs,dwd/csvs/germany_ubn_1951-01-01_to_2024-08-30,,,,,,2021-01-01,2022-12-31,False,False,True,True,True,False,False,True,False,True,False,False,False,,,1.0,,historic_runs,,BAV_CType3_2022_100_25832_etrs89-utm32n.asc,,DroughtStressThreshold,0.7,3,
225,True,fixed,auto,WW_sfix_hauto,sim_sensitivity.json,crop.json,site.json,False,dwd/csvs,dwd/csvs/germany_ubn_1951-01-01_to_2024-08-30,,,,,,2021-01-01,2022-12-31,False,False,True,True,True,False,False,True,False,True,False,False,False,,,1.0,,historic_runs,,BAV_CType3_2022_100_25832_etrs89-utm32n.asc,,DroughtStressThreshold,0.63,4,
226,True,fixed,auto,WW_sfix_hauto,sim_sensitivity.json,crop.json,site.json,False,dwd/csvs,dwd/csvs/germany_ubn_1951-01-01_to_2024-08-30,,,,,,2021-01-01,2022-12-31,False,False,True,True,True,False,False,True,False,True,False,False,False,,,1.0,,historic_runs,,BAV_CType3_2022_100_25832_etrs89-utm32n.asc,,DroughtStressThreshold,0.56,5,
227,True,fixed,auto,WW_sfix_hauto,sim_sensitivity.json,crop.json,site.json,False,dwd/csvs,dwd/csvs/germany_ubn_1951-01-01_to_2024-08-30,,,,,,2022-01-01,2023-12-31,False,False,True,True,True,False,False,True,False,True,False,False,False,,,1.0,,historic_runs,,BAV_CType3_2023_100_25832_etrs89-utm32n.asc,,DroughtStressThreshold,0.63,1,
228,True,fixed,auto,WW_sfix_hauto,sim_sensitivity.json,crop.json,site.json,False,dwd/csvs,dwd/csvs/germany_ubn_1951-01-01_to_2024-08-30,,,,,,2022-01-01,2023-12-31,False,False,True,True,True,False,False,True,False,True,False,False,False,,,1.0,,historic_runs,,BAV_CType3_2023_100_25832_etrs89-utm32n.asc,,DroughtStressThreshold,0.7,2,
229,True,fixed,auto,WW_sfix_hauto,sim_sensitivity.json,crop.json,site.json,False,dwd/csvs,dwd/csvs/germany_ubn_1951-01-01_to_2024-08-30,,,,,,2022-01-01,2023-12-31,False,False,True,True,True,False,False,True,False,True,False,False,False,,,1.0,,historic_runs,,BAV_CType3_2023_100_25832_etrs89-utm32n.asc,,DroughtStressThreshold,0.7,3,
230,True,fixed,auto,WW_sfix_hauto,sim_sensitivity.json,crop.json,site.json,False,dwd/csvs,dwd/csvs/germany_ubn_1951-01-01_to_2024-08-30,,,,,,2022-01-01,2023-12-31,False,False,True,True,True,False,False,True,False,True,False,False,False,,,1.0,,historic_runs,,BAV_CType3_2023_100_25832_etrs89-utm32n.asc,,DroughtStressThreshold,0.63,4,
231,True,fixed,auto,WW_sfix_hauto,sim_sensitivity.json,crop.json,site.json,False,dwd/csvs,dwd/csvs/germany_ubn_1951-01-01_to_2024-08-30,,,,,,2022-01-01,2023-12-31,False,False,True,True,True,False,False,True,False,True,False,False,False,,,1.0,,historic_runs,,BAV_CType3_2023_100_25832_etrs89-utm32n.asc,,DroughtStressThreshold,0.56,5,